product_id;size_id;size_label
KD-PD-00474;siz_8853f4a4f0;19 см
KD-PD-00574;siz_83986fbbc4;23 см
KD-PD-00575;siz_eb9ef0c2c4;350 мл
KD-PD-00576;siz_fe3347d2ff;450 мл
KD-PD-11574;siz_38d9e86809;250 мл
KD-PD-11616;siz_73c730c982;45 x 45 см
KD-PD-1023;siz_e6e4aef75d;60x60 см
KD-PD-1026;siz_b8d0455b94;200x220 см
KD-PD-1027;siz_9ac959ef7b;Евро 200×220 см
KD-PD-1027;siz_c9a3d0e345;Кинг сайз 220×240 см
KD-PD-1030;siz_38d9e86809;250 мл
KD-PD-1024;siz_715f625982;Полуторный 140x220 см
KD-PD-1024;siz_9ac959ef7b;Евро 200×220 см
KD-PD-1024;siz_c9a3d0e345;Кинг сайз 220×240 см
KD-PD-1025;siz_83986fbbc4;23 см
KD-PD-1028;siz_715f625982;Полуторный 140x220 см
KD-PD-1028;siz_9ac959ef7b;Евро 200×220 см
KD-PD-1028;siz_c9a3d0e345;Кинг сайз 220×240 см
KD-PD-1128;siz_4e61d7d82a;60 x 60 см
KD-PD-2519;siz_aac21ac6d6;10 см
KD-PD-11417;siz_04db6fb82b;30 см
KD-PD-11415;siz_8853f4a4f0;19 см
KD-PD-11416;siz_ceaf7d5081;25 см
KD-PD-11514;siz_eb9ef0c2c4;350 мл
KD-PD-11428;siz_24947c1ed9;990 мл
KD-PD-11430;siz_637a22f44a;240 мл
KD-PD-11420;siz_c1e8cc52fa;16 см
KD-PD-11438;siz_24947c1ed9;990 мл
KD-PD-11438;siz_3ff172e1b5;1800 мл
KD-PD-11438A;siz_38d9e86809;250 мл
KD-PD-114381;siz_eb9ef0c2c4;350 мл
KD-PD-114382;siz_054a92fa30;20 см
KD-PD-114383;siz_ceaf7d5081;25 см
KD-PD-114384;siz_2276053655;18 см
KD-PD-114385;siz_c2c9e33825;650 мл
KD-PD-10288;siz_c03c38ee37;15 см
KD-PD-10288;siz_2276053655;18 см
KD-PD-11020;siz_3a4fb28d38;36 см
KD-PD-10414;siz_d5d553e98e;50х180 см
KD-PD-10932;siz_d2ccb195b4;75 мл
KD-PD-10587;siz_9211a1f518;40х50 см
KD-PD-10567;siz_8e6221b6a2;45х45 см
KD-PD-10450;siz_0d3f694334;180x180 см
KD-PD-10450;siz_6f1f15bfd3;180x250 см
KD-PD-10400;siz_8853f4a4f0;19 см
KD-PD-10930;siz_38d9e86809;250 мл
KD-PD-8985;siz_6f1f15bfd3;180x250 см
KD-PD-8985;siz_1a260a7279;180x350 см
KD-PD-8982;siz_8e6221b6a2;45х45 см
KD-PD-8982;siz_b1016065a0;45х65 см
KD-PD-11033;siz_41e3a4f172;40х40 см
KD-PD-11034;siz_41e3a4f172;40х40 см
KD-PD-10841;siz_29a861e2df;150х200 см
KD-PD-10786;siz_8e6221b6a2;45х45 см
KD-PD-7947;siz_236293b1c0;36,5х25х2 см
KD-PD-8312;siz_effd554504;165х45 см
KD-PD-7242;siz_8e6221b6a2;45х45 см
KD-PD-8256;siz_81af55eef2;180х250 см
KD-PD-7939;siz_3197a62e72;300 мл
KD-PD-7944;siz_054a92fa30;20 см
KD-PD-7944;siz_83986fbbc4;23 см
KD-PD-7944;siz_e024167a99;27 см
KD-PD-7940;siz_7f01438c49;260 мл
KD-PD-7937;siz_5a4c300f2f;1100 мл
KD-PD-9713;siz_0a6e5e1575;Единый размер
KD-PD-9718;siz_0a6e5e1575;Единый размер
KD-PD-8768;siz_0a6e5e1575;Единый размер
KD-PD-8770;siz_0a6e5e1575;Единый размер
KD-PD-8765;siz_2276053655;18 см
KD-PD-8765;siz_ceaf7d5081;25 см
KD-PD-8777;siz_04db6fb82b;30 см
KD-PD-9711;siz_0a6e5e1575;Единый размер
KD-PD-8776;siz_cd0a7f87a0;9 см
KD-PD-8758;siz_e096b0d88b;12х12 см
KD-PD-8967;siz_d5d553e98e;50х180 см
KD-PD-8967;siz_757e8b1032;60х350 см
KD-PD-8967;siz_864b8f18da;50х250 см
KD-PD-8977;siz_f1ac7db743;12х23 см
KD-PD-7227;siz_a46682a303;180х180 см
KD-PD-7227;siz_81af55eef2;180х250 см
KD-PD-7227;siz_9a111dd17f;180х350 см
KD-PD-9976;siz_355dddc85a;25,5 см
KD-PD-8243;siz_0a6e5e1575;Единый размер
KD-PD-11521;siz_e0660c7782;130 мл
KD-PD-11419;siz_3a4fb28d38;36 см
KD-PD-11431;siz_eb9ef0c2c4;350 мл
KD-PD-11429;siz_7df32adc9a;160 мл
KD-PD-11421;siz_ae8c2dbf71;21 см
KD-PD-11418;siz_fb19dc9cd8;26 см
KD-PD-11436;siz_93dfdf432f;25х18 см
KD-PD-11518;siz_77c1d39838;90 мл
KD-PD-11441;siz_e0660c7782;130 мл
KD-PD-11449;siz_38d9e86809;250 мл
KD-PD-11440;siz_fe3347d2ff;450 мл
KD-PD-9415;siz_e17b384b04;21х21х9,5 см
KD-PD-9418;siz_eb9ef0c2c4;350 мл
KD-PD-8984;siz_8e6221b6a2;45х45 см
KD-PD-9975;siz_355dddc85a;25,5 см
KD-PD-9416;siz_83986fbbc4;23 см
KD-PD-9417;siz_e024167a99;27 см
KD-PD-10913;siz_465423d26e;32 см
KD-PD-10911;siz_5f5f4d6bf5;24х16 см
KD-PD-10911;siz_07d0638e61;36х25 см
KD-PD-10925;siz_d2ccb195b4;75 мл
KD-PD-11141;siz_c7e1bac893;45 см
KD-PD-10928;siz_1ab86f18bc;8 см
KD-PD-10917;siz_56458cb88b;30 мл
KD-PD-10915;siz_3197a62e72;300 мл
KD-PD-10924;siz_3197a62e72;300 мл
KD-PD-10927;siz_1ab86f18bc;8 см
KD-PD-10926;siz_a51dd1f114;150 мл
KD-PD-10918;siz_8853f4a4f0;19 см
KD-PD-10919;siz_83986fbbc4;23 см
KD-PD-10920;siz_e024167a99;27 см
KD-PD-10921;siz_04db6fb82b;30 см
KD-PD-10922;siz_38d9e86809;250 мл
KD-PD-10923;siz_2ec4f27ef4;1300 мл
KD-PD-10944;siz_465423d26e;32 см
KD-PD-11006;siz_43afd6d9c8;50х120 см
KD-PD-10945;siz_e4b54fb397;370 мл
KD-PD-10590;siz_3a1b4eecfc;43х43 см
KD-PD-10591;siz_8e6221b6a2;45х45 см
KD-PD-10950;siz_3197a62e72;300 мл
KD-PD-10459;siz_81af55eef2;180х250 см
KD-PD-10459;siz_9a111dd17f;180х350 см
KD-PD-10946;siz_ae8c2dbf71;21 см
KD-PD-10947;siz_655425d707;24 см
KD-PD-10948;siz_e024167a99;27 см
KD-PD-10951;siz_38d9e86809;250 мл
KD-PD-10949;siz_c2c9e33825;650 мл
KD-PD-10287;siz_04db6fb82b;30 см
KD-PD-10127;siz_14fa07a6a1;480 см
KD-PD-10127;siz_f35f077ab5;280 см
KD-PD-10283;siz_0a6e5e1575;Единый размер
KD-PD-10284;siz_0a6e5e1575;Единый размер
KD-PD-10256;siz_fe3347d2ff;450 мл
KD-PD-10254;siz_38d9e86809;250 мл
KD-PD-2000;siz_501ce79660;50×50 см
KD-PD-2003;siz_2d0f990f0d;140×200 см
KD-PD-2010;siz_655425d707;24 см
KD-PD-2001;siz_83986fbbc4;23 см
KD-PD-2004;siz_38d9e86809;250 мл
KD-PD-10376;siz_a6e47b185f;Евро (200х220 см)
KD-PD-10376;siz_1a86ade16c;Кинг-сайз (220х240 см)
KD-PD-10599;siz_8e6221b6a2;45х45 см
KD-PD-8695;siz_0a6e5e1575;Единый размер
KD-PD-10375;siz_a6e47b185f;Евро (200х220 см)
KD-PD-10375;siz_1a86ade16c;Кинг-сайз (220х240 см)
KD-PD-10260;siz_fe3347d2ff;450 мл
KD-PD-10597;siz_41e3a4f172;40х40 см
KD-PD-10597;siz_95bd66e2b4;40х60 см
KD-PD-10981;siz_85f7895a2a;11 см
KD-PD-10259;siz_2276053655;18 см
KD-PD-10258;siz_38d9e86809;250 мл
KD-PD-10244;siz_83986fbbc4;23 см
KD-PD-10239;siz_bbbb069211;22 см
KD-PD-1;siz_85f7895a2a;11 см
KD-PD-1022;siz_a80a4ee892;Полуторный (140×220 см)
KD-PD-1022;siz_a5e1b709cf;Евро (200×220 см)
KD-PD-1022;siz_51a16970c7;Кинг сайз (220×240 см)
