product_id;color_id;color_name
KD-PD-00474;clr_2818a16c64;Белый
KD-PD-00574;clr_2818a16c64;Белый
KD-PD-00575;clr_2818a16c64;Белый
KD-PD-00576;clr_2818a16c64;Белый
KD-PD-11574;clr_2818a16c64;Белый
KD-PD-11616;clr_2818a16c64;Белый
KD-PD-1023;clr_398bc3d0f7;Синий
KD-PD-1023;clr_2818a16c64;Белый
KD-PD-1023;clr_89001f99bc;Молочный
KD-PD-1026;clr_398bc3d0f7;Синий
KD-PD-1026;clr_2818a16c64;Белый
KD-PD-1026;clr_89001f99bc;Молочный
KD-PD-1027;clr_89001f99bc;Молочный
KD-PD-1027;clr_3afdfac7c7;Серо-синий
KD-PD-1030;clr_7e1922e6be;Ночной синий
KD-PD-1024;clr_7e1922e6be;Ночной синий
KD-PD-1025;clr_7e1922e6be;Ночной синий
KD-PD-1028;clr_2818a16c64;Белый
KD-PD-1028;clr_7e1922e6be;Ночной синий
KD-PD-1028;clr_417dc1f5c1;Пудровый
KD-PD-1128;clr_2818a16c64;Белый
KD-PD-1128;clr_7e1922e6be;Ночной синий
KD-PD-1128;clr_417dc1f5c1;Пудровый
KD-PD-2519;clr_b598b3ae9a;Белый / Золотой
KD-PD-11417;clr_2818a16c64;Белый
KD-PD-11415;clr_2818a16c64;Белый
KD-PD-11416;clr_2818a16c64;Белый
KD-PD-11514;clr_2818a16c64;Белый
KD-PD-11428;clr_2818a16c64;Белый
KD-PD-11430;clr_2818a16c64;Белый
KD-PD-11420;clr_2818a16c64;Белый
KD-PD-11438;clr_2818a16c64;Белый
KD-PD-11438A;clr_2818a16c64;Белый
KD-PD-114381;clr_2818a16c64;Белый
KD-PD-114382;clr_2818a16c64;Белый
KD-PD-114383;clr_2818a16c64;Белый
KD-PD-114384;clr_2818a16c64;Белый
KD-PD-114385;clr_2818a16c64;Белый
KD-PD-10288;clr_2818a16c64;Белый
KD-PD-11020;clr_db1adb0a92;Желтый
KD-PD-11020;clr_398bc3d0f7;Синий
KD-PD-10414;clr_2818a16c64;Белый
KD-PD-10932;clr_2818a16c64;Белый
KD-PD-10587;clr_2818a16c64;Белый
KD-PD-10567;clr_2818a16c64;Белый
KD-PD-10450;clr_2818a16c64;Белый
KD-PD-10400;clr_8717c2ffa9;Красный
KD-PD-10930;clr_8717c2ffa9;Красный
KD-PD-8985;clr_2818a16c64;Белый
KD-PD-8982;clr_2818a16c64;Белый
KD-PD-8982;clr_2372492028;Зеленый
KD-PD-11033;clr_7ca5cf6f56;Бежевый
KD-PD-11034;clr_7ca5cf6f56;Бежевый
KD-PD-10841;clr_7ca5cf6f56;Бежевый
KD-PD-10841;clr_a39ee8788e;Голубой
KD-PD-10841;clr_78e4123512;Экрю
KD-PD-10786;clr_7ca5cf6f56;Бежевый
KD-PD-10786;clr_a39ee8788e;Голубой
KD-PD-10786;clr_78e4123512;экрю
KD-PD-7947;clr_2818a16c64;Белый
KD-PD-8312;clr_2818a16c64;Белый
KD-PD-7941;clr_2818a16c64;Белый
KD-PD-7942;clr_2818a16c64;Белый
KD-PD-7242;clr_2818a16c64;Белый
KD-PD-7938;clr_2818a16c64;Белый
KD-PD-8256;clr_2818a16c64;Белый
KD-PD-7939;clr_2818a16c64;Белый
KD-PD-7944;clr_2818a16c64;Белый
KD-PD-7940;clr_2818a16c64;Белый
KD-PD-7937;clr_2818a16c64;Белый
KD-PD-9713;clr_df6d4fc5b2;коричневый
KD-PD-9718;clr_d74fedd1fa;черный
KD-PD-9718;clr_7ca5cf6f56;Бежевый
KD-PD-8768;clr_d74fedd1fa;Черный
KD-PD-8768;clr_7ca5cf6f56;Бежевый
KD-PD-8770;clr_d74fedd1fa;черный
KD-PD-8770;clr_7ca5cf6f56;Бежевый
KD-PD-8765;clr_d74fedd1fa;черный
KD-PD-8765;clr_df6d4fc5b2;коричневый
KD-PD-8777;clr_d74fedd1fa;черный
KD-PD-8777;clr_df6d4fc5b2;коричневый
KD-PD-8777;clr_7ca5cf6f56;Бежевый
KD-PD-9711;clr_d74fedd1fa;черный
KD-PD-8776;clr_df6d4fc5b2;коричневый
KD-PD-8758;clr_d74fedd1fa;черный
KD-PD-8758;clr_df6d4fc5b2;коричневый
KD-PD-8967;clr_2818a16c64;Белый
KD-PD-8977;clr_2818a16c64;Белый
KD-PD-7227;clr_2818a16c64;Белый
KD-PD-9976;clr_2818a16c64;Белый
KD-PD-8242;clr_812476ce58;Серебряный
KD-PD-8243;clr_812476ce58;Серебряный
KD-PD-11419;clr_2818a16c64;Белый
KD-PD-11431;clr_2818a16c64;Белый
KD-PD-11429;clr_2818a16c64;Белый
KD-PD-11421;clr_2818a16c64;Белый
KD-PD-11418;clr_2818a16c64;Белый
KD-PD-11436;clr_2818a16c64;Белый
KD-PD-11518;clr_2818a16c64;Белый
KD-PD-11441;clr_2818a16c64;Белый
KD-PD-11449;clr_2818a16c64;Белый
KD-PD-11440;clr_2818a16c64;Белый
KD-PD-9415;clr_2818a16c64;Белый
KD-PD-9418;clr_2818a16c64;Белый
KD-PD-8984;clr_2818a16c64;Белый
KD-PD-9975;clr_2818a16c64;Белый
KD-PD-9416;clr_2818a16c64;Белый
KD-PD-9417;clr_2818a16c64;Белый
KD-PD-10913;clr_2818a16c64;Белый
KD-PD-10911;clr_2818a16c64;Белый
KD-PD-10925;clr_2818a16c64;Белый
KD-PD-11141;clr_2372492028;зеленый
KD-PD-10928;clr_2818a16c64;Белый
KD-PD-10917;clr_2818a16c64;Белый
KD-PD-10915;clr_2818a16c64;Белый
KD-PD-10924;clr_2818a16c64;Белый
KD-PD-10927;clr_2818a16c64;Белый
KD-PD-10926;clr_2818a16c64;Белый
KD-PD-10918;clr_2818a16c64;Белый
KD-PD-10919;clr_2818a16c64;Белый
KD-PD-10920;clr_2818a16c64;Белый
KD-PD-10921;clr_2818a16c64;Белый
KD-PD-10922;clr_2818a16c64;Белый
KD-PD-10923;clr_2818a16c64;Белый
KD-PD-10944;clr_f62d05dd1d;Белый / Голубой
KD-PD-11006;clr_b598b3ae9a;Белый / Золотой
KD-PD-10945;clr_f62d05dd1d;Белый / Голубой
KD-PD-10590;clr_b598b3ae9a;Белый / Золотой
KD-PD-10591;clr_b598b3ae9a;Белый / Золотой
KD-PD-10950;clr_f62d05dd1d;Белый / Голубой
KD-PD-10459;clr_b598b3ae9a;Белый / Золотой
KD-PD-10946;clr_f62d05dd1d;Белый / Голубой
KD-PD-10947;clr_f62d05dd1d;Белый / Голубой
KD-PD-10948;clr_f62d05dd1d;Белый / Голубой
KD-PD-10951;clr_f62d05dd1d;Белый / Голубой
KD-PD-10949;clr_f62d05dd1d;Белый / Голубой
KD-PD-10287;clr_df6d4fc5b2;коричневый
KD-PD-10127;clr_df6d4fc5b2;коричневый
KD-PD-10283;clr_df6d4fc5b2;коричневый
KD-PD-10284;clr_df6d4fc5b2;коричневый
KD-PD-10256;clr_b598b3ae9a;Белый / Золотой
KD-PD-10254;clr_b598b3ae9a;Белый / Золотой
KD-PD-2000;clr_eaa16fa223;Ледяной Голубой
KD-PD-2000;clr_2818a16c64;Белый
KD-PD-2000;clr_7e1922e6be;Ночной синий
KD-PD-2003;clr_eaa16fa223;Ледяной Голубой
KD-PD-2010;clr_2818a16c64;Белый
KD-PD-2010;clr_7e1922e6be;Ночной синий
KD-PD-2001;clr_7e1922e6be;Ночной синий
KD-PD-2001;clr_2818a16c64;Белый
KD-PD-2004;clr_2818a16c64;Белый
KD-PD-10376;clr_a39ee8788e;Голубой
KD-PD-10599;clr_a39ee8788e;Голубой
KD-PD-8695;clr_6e3a178629;Прозрачный
KD-PD-10375;clr_a39ee8788e;Голубой
KD-PD-10260;clr_f62d05dd1d;Белый / Голубой
KD-PD-10597;clr_2818a16c64;Белый
KD-PD-10597;clr_a39ee8788e;Голубой
KD-PD-10981;clr_2818a16c64;Белый
KD-PD-10981;clr_df6d4fc5b2;Коричневый
KD-PD-10259;clr_f62d05dd1d;Белый / Голубой
KD-PD-10258;clr_f62d05dd1d;Белый / Голубой
KD-PD-10244;clr_df6d4fc5b2;Коричневый
KD-PD-10239;clr_df6d4fc5b2;Коричневый
KD-PD-1;clr_2818a16c64;Белый
KD-PD-1022;clr_2818a16c64;Белый
KD-PD-1022;clr_9aae9f80f3;Небесный
KD-PD-1022;clr_7e1922e6be;Ночной синий
KD-PD-1022;clr_417dc1f5c1;Пудровый
