solution_id;solution_name;product_id;article;product_name;relation_type
sol_f356f17b3b;Красные линии;KD-PD-00474;KD-PD-00474;Тарелка десертная Алая Нить;required
sol_f356f17b3b;Красные линии;KD-PD-00574;KD-PD-00574;Тарелка обеденная Алая Нить;required
sol_f356f17b3b;Красные линии;KD-PD-00575;KD-PD-00575;Салатник Алая Нить;required
sol_f356f17b3b;Красные линии;KD-PD-00576;KD-PD-00576;Супница Алая Нить;required
sol_f356f17b3b;Красные линии;KD-PD-11574;KD-PD-11574;Чайная пара Алая Нить;required
sol_f356f17b3b;Красные линии;KD-PD-11616;KD-PD-11616;Плейсмат Алая Нить;required
sol_f356f17b3b;Красные линии;KD-PD-11417;KD-PD-11417;Тарелка обеденная Овация;optional
sol_f356f17b3b;Красные линии;KD-PD-11415;KD-PD-11415;Тарелка десертная Овация;optional
sol_f356f17b3b;Красные линии;KD-PD-11416;KD-PD-11416;Тарелка закусочная Овация;optional
sol_f356f17b3b;Красные линии;KD-PD-11514;KD-PD-11514;Чайная пара Овация;optional
sol_f356f17b3b;Красные линии;KD-PD-11428;KD-PD-11428;Чайник Овация;optional
sol_f356f17b3b;Красные линии;KD-PD-11430;KD-PD-11430;Сахарница Овация;optional
sol_f356f17b3b;Красные линии;KD-PD-11420;KD-PD-11420;Салатник Овация;optional
sol_f356f17b3b;Красные линии;KD-PD-11438;KD-PD-11438;Чайник Эхо;required
sol_f356f17b3b;Красные линии;KD-PD-114381;KD-PD-114381;Тарелка глубокая Эхо;required
sol_f356f17b3b;Красные линии;KD-PD-114382;KD-PD-114382;Тарелка закусочная Эхо;required
sol_f356f17b3b;Красные линии;KD-PD-114383;KD-PD-114383;Тарелка обеденная Эхо;required
sol_f356f17b3b;Красные линии;KD-PD-114384;KD-PD-114384;Тарелка десертная Эхо;required
sol_f356f17b3b;Красные линии;KD-PD-114385;KD-PD-114385;Супница Эхо;required
sol_f356f17b3b;Красные линии;KD-PD-10414;KD-PD-10414;Дорожка Мокоши;required
sol_f356f17b3b;Красные линии;KD-PD-10932;KD-PD-10932;Кофейная пара Мокоши;required
sol_f356f17b3b;Красные линии;KD-PD-10587;KD-PD-10587;Плейсмат Мокоши;required
sol_f356f17b3b;Красные линии;KD-PD-10567;KD-PD-10567;Салфетка Мокоши;required
sol_f356f17b3b;Красные линии;KD-PD-10450;KD-PD-10450;Скатерть Мокоши;required
sol_f356f17b3b;Красные линии;KD-PD-10400;KD-PD-10400;Тарелка десертная Мокоши;required
sol_f356f17b3b;Красные линии;KD-PD-10930;KD-PD-10930;Чайная пара Мокоши;required
sol_f356f17b3b;Красные линии;KD-PD-11033;KD-PD-11033;Подушка декоративная Алатырь;required
sol_f356f17b3b;Красные линии;KD-PD-11034;KD-PD-11034;Подушка декоративная Мокоши;required
sol_f356f17b3b;Красные линии;KD-PD-10841;KD-PD-10841;Плед Пушица;required
sol_f356f17b3b;Красные линии;KD-PD-10786;KD-PD-10786;Подушка декоративная Пушица;required
sol_f356f17b3b;Красные линии;KD-PD-8242;KD-PD-8242;Набор столовых приборов Александр;required
sol_f356f17b3b;Красные линии;KD-PD-8243;KD-PD-8243;Набор столовых приборов Петр;required
sol_f356f17b3b;Красные линии;KD-PD-11419;KD-PD-11419;Блюдо овальное Овация;optional
sol_f356f17b3b;Красные линии;KD-PD-11431;KD-PD-11431;Кружка Овация;optional
sol_f356f17b3b;Красные линии;KD-PD-11429;KD-PD-11429;Молочник Овация;optional
sol_f356f17b3b;Красные линии;KD-PD-11421;KD-PD-11421;Салатник Овация;optional
sol_f356f17b3b;Красные линии;KD-PD-11418;KD-PD-11418;Тарелка глубокая Овация;optional
sol_f356f17b3b;Красные линии;KD-PD-11436;KD-PD-11436;Блюдо овальное Эхо;required
sol_f356f17b3b;Красные линии;KD-PD-11518;KD-PD-11518;Кофейная пара Эхо;required
sol_f356f17b3b;Красные линии;KD-PD-11441;KD-PD-11441;Молочник Эхо;required
sol_f356f17b3b;Красные линии;KD-PD-11449;KD-PD-11449;Салатник Эхо;required
sol_f356f17b3b;Красные линии;KD-PD-11440;KD-PD-11440;Сахарница Эхо;required
sol_f356f17b3b;Красные линии;KD-PD-8695;KD-PD-8695;Подсвечник Росы;optional
sol_211b78e5a8;Зимняя сказка;KD-PD-1023;KD-PD-1023;Подушка с кружевом;required
sol_211b78e5a8;Зимняя сказка;KD-PD-1026;KD-PD-1026;Плед из кружева;required
sol_211b78e5a8;Зимняя сказка;KD-PD-1027;KD-PD-1027;Стёганое покрывало «Бархатный ритм»;required
sol_211b78e5a8;Зимняя сказка;KD-PD-1030;KD-PD-1030;"Чайная пара ""Лунная сказка""";required
sol_211b78e5a8;Зимняя сказка;KD-PD-1024;KD-PD-1024;"Комплект постельного белья ""Лунная сказка""";required
sol_211b78e5a8;Зимняя сказка;KD-PD-1025;KD-PD-1025;"Тарелка ""Лунная сказка""";required
sol_211b78e5a8;Зимняя сказка;KD-PD-2519;KD-PD-2519;Свеча Феникс;optional
sol_211b78e5a8;Зимняя сказка;KD-PD-10288;KD-PD-10288;Ваза Айсберг;required
sol_211b78e5a8;Зимняя сказка;KD-PD-11020;KD-PD-11020;Ваза Паскаль;required
sol_211b78e5a8;Зимняя сказка;KD-PD-10841;KD-PD-10841;Плед Пушица;optional
sol_211b78e5a8;Зимняя сказка;KD-PD-10786;KD-PD-10786;Подушка декоративная Пушица;optional
sol_211b78e5a8;Зимняя сказка;KD-PD-11521;KD-PD-11521;Диффузор;required
sol_211b78e5a8;Зимняя сказка;KD-PD-10287;KD-PD-10287;Менажница Дрёмица;optional
sol_211b78e5a8;Зимняя сказка;KD-PD-10127;KD-PD-10127;Поднос Дрёмица;optional
sol_211b78e5a8;Зимняя сказка;KD-PD-10283;KD-PD-10283;Подставка для салфеток Дрёмица;optional
sol_211b78e5a8;Зимняя сказка;KD-PD-10284;KD-PD-10284;Подставка-менажница Дрёмица;optional
sol_211b78e5a8;Зимняя сказка;KD-PD-10256;KD-PD-10256;Кружка Феникс;optional
sol_211b78e5a8;Зимняя сказка;KD-PD-10254;KD-PD-10254;Чайная пара Феникс;optional
sol_211b78e5a8;Зимняя сказка;KD-PD-2000;KD-PD-2000;Декоративная подушка «Ледяные узоры»;required
sol_211b78e5a8;Зимняя сказка;KD-PD-2003;KD-PD-2003;Плед «Ледяные узоры»;required
sol_211b78e5a8;Зимняя сказка;KD-PD-2010;KD-PD-2010;Салатник «Ледяные узоры»;required
sol_211b78e5a8;Зимняя сказка;KD-PD-2001;KD-PD-2001;Тарелка «Ледяные узоры»;required
sol_211b78e5a8;Зимняя сказка;KD-PD-2004;KD-PD-2004;Чайная пара «Ледяные узоры»;required
sol_211b78e5a8;Зимняя сказка;KD-PD-10376;KD-PD-10376;Комплект постельного белья Нити;required
sol_211b78e5a8;Зимняя сказка;KD-PD-10599;KD-PD-10599;Подушка декоративная Нити;required
sol_211b78e5a8;Зимняя сказка;KD-PD-8695;KD-PD-8695;Подсвечник Росы;optional
sol_211b78e5a8;Зимняя сказка;KD-PD-10375;KD-PD-10375;Комплект постельного белья Тайна;optional
sol_211b78e5a8;Зимняя сказка;KD-PD-10244;KD-PD-10244;Блюдо овальное Юрма;optional
sol_211b78e5a8;Зимняя сказка;KD-PD-10239;KD-PD-10239;Тарелка закусочная Юрма;optional
sol_211b78e5a8;Зимняя сказка;KD-PD-1;KD-PD-1;Свеча Корона;required
sol_f6f75e490c;Пламя морских глубин;KD-PD-1027;KD-PD-1027;Стёганое покрывало «Бархатный ритм»;required
sol_f6f75e490c;Пламя морских глубин;KD-PD-1025;KD-PD-1025;"Тарелка ""Лунная сказка""";required
sol_f6f75e490c;Пламя морских глубин;KD-PD-2519;KD-PD-2519;Свеча Феникс;required
sol_f6f75e490c;Пламя морских глубин;KD-PD-11417;KD-PD-11417;Тарелка обеденная Овация;required
sol_f6f75e490c;Пламя морских глубин;KD-PD-11415;KD-PD-11415;Тарелка десертная Овация;required
sol_f6f75e490c;Пламя морских глубин;KD-PD-11416;KD-PD-11416;Тарелка закусочная Овация;required
sol_f6f75e490c;Пламя морских глубин;KD-PD-11514;KD-PD-11514;Чайная пара Овация;required
sol_f6f75e490c;Пламя морских глубин;KD-PD-11428;KD-PD-11428;Чайник Овация;required
sol_f6f75e490c;Пламя морских глубин;KD-PD-11430;KD-PD-11430;Сахарница Овация;required
sol_f6f75e490c;Пламя морских глубин;KD-PD-11420;KD-PD-11420;Салатник Овация;required
sol_f6f75e490c;Пламя морских глубин;KD-PD-10288;KD-PD-10288;Ваза Айсберг;required
sol_f6f75e490c;Пламя морских глубин;KD-PD-11020;KD-PD-11020;Ваза Паскаль;required
sol_f6f75e490c;Пламя морских глубин;KD-PD-10841;KD-PD-10841;Плед Пушица;required
sol_f6f75e490c;Пламя морских глубин;KD-PD-10786;KD-PD-10786;Подушка декоративная Пушица;required
sol_f6f75e490c;Пламя морских глубин;KD-PD-11521;KD-PD-11521;Диффузор;required
sol_f6f75e490c;Пламя морских глубин;KD-PD-11419;KD-PD-11419;Блюдо овальное Овация;required
sol_f6f75e490c;Пламя морских глубин;KD-PD-11431;KD-PD-11431;Кружка Овация;required
sol_f6f75e490c;Пламя морских глубин;KD-PD-11429;KD-PD-11429;Молочник Овация;required
sol_f6f75e490c;Пламя морских глубин;KD-PD-11421;KD-PD-11421;Салатник Овация;required
sol_f6f75e490c;Пламя морских глубин;KD-PD-11418;KD-PD-11418;Тарелка глубокая Овация;required
sol_f6f75e490c;Пламя морских глубин;KD-PD-10944;KD-PD-10944;Блюдо Дияф;required
sol_f6f75e490c;Пламя морских глубин;KD-PD-11006;KD-PD-11006;Дорожка Дияф;required
sol_f6f75e490c;Пламя морских глубин;KD-PD-10945;KD-PD-10945;Пиала Дияф;required
sol_f6f75e490c;Пламя морских глубин;KD-PD-10590;KD-PD-10590;Плейсмат Дияф;required
sol_f6f75e490c;Пламя морских глубин;KD-PD-10591;KD-PD-10591;Салфетка Дияф;required
sol_f6f75e490c;Пламя морских глубин;KD-PD-10950;KD-PD-10950;Сахарница Дияф;required
sol_f6f75e490c;Пламя морских глубин;KD-PD-10459;KD-PD-10459;Скатерть Дияф;required
sol_f6f75e490c;Пламя морских глубин;KD-PD-10946;KD-PD-10946;Тарелка десертная Дияф;required
sol_f6f75e490c;Пламя морских глубин;KD-PD-10947;KD-PD-10947;Тарелка закусочная Дияф;required
sol_f6f75e490c;Пламя морских глубин;KD-PD-10948;KD-PD-10948;Тарелка обеденная Дияф;required
sol_f6f75e490c;Пламя морских глубин;KD-PD-10951;KD-PD-10951;Чайная пара Дияф;required
sol_f6f75e490c;Пламя морских глубин;KD-PD-10949;KD-PD-10949;Чайник Дияф;required
sol_f6f75e490c;Пламя морских глубин;KD-PD-10287;KD-PD-10287;Менажница Дрёмица;optional
sol_f6f75e490c;Пламя морских глубин;KD-PD-10127;KD-PD-10127;Поднос Дрёмица;optional
sol_f6f75e490c;Пламя морских глубин;KD-PD-10283;KD-PD-10283;Подставка для салфеток Дрёмица;optional
sol_f6f75e490c;Пламя морских глубин;KD-PD-10284;KD-PD-10284;Подставка-менажница Дрёмица;optional
sol_f6f75e490c;Пламя морских глубин;KD-PD-10256;KD-PD-10256;Кружка Феникс;required
sol_f6f75e490c;Пламя морских глубин;KD-PD-10254;KD-PD-10254;Чайная пара Феникс;required
sol_f6f75e490c;Пламя морских глубин;KD-PD-10376;KD-PD-10376;Комплект постельного белья Нити;required
sol_f6f75e490c;Пламя морских глубин;KD-PD-10599;KD-PD-10599;Подушка декоративная Нити;required
sol_f6f75e490c;Пламя морских глубин;KD-PD-8695;KD-PD-8695;Подсвечник Росы;optional
sol_f6f75e490c;Пламя морских глубин;KD-PD-10375;KD-PD-10375;Комплект постельного белья Тайна;required
sol_f6f75e490c;Пламя морских глубин;KD-PD-10260;KD-PD-10260;Кружка Тайна;required
sol_f6f75e490c;Пламя морских глубин;KD-PD-10597;KD-PD-10597;Подушка Тайна;required
sol_f6f75e490c;Пламя морских глубин;KD-PD-10981;KD-PD-10981;Свеча Тайна;required
sol_f6f75e490c;Пламя морских глубин;KD-PD-10259;KD-PD-10259;Тарелка десертная Тайна;required
sol_f6f75e490c;Пламя морских глубин;KD-PD-10258;KD-PD-10258;Чайная пара Тайна;required
sol_f6f75e490c;Пламя морских глубин;KD-PD-10244;KD-PD-10244;Блюдо овальное Юрма;optional
sol_f6f75e490c;Пламя морских глубин;KD-PD-10239;KD-PD-10239;Тарелка закусочная Юрма;optional
sol_f6f75e490c;Пламя морских глубин;KD-PD-1;KD-PD-1;Свеча Корона;required
sol_26270f94ad;Зеленый салон;KD-PD-11417;KD-PD-11417;Тарелка обеденная Овация;required
sol_26270f94ad;Зеленый салон;KD-PD-11415;KD-PD-11415;Тарелка десертная Овация;required
sol_26270f94ad;Зеленый салон;KD-PD-11416;KD-PD-11416;Тарелка закусочная Овация;required
sol_26270f94ad;Зеленый салон;KD-PD-11514;KD-PD-11514;Чайная пара Овация;required
sol_26270f94ad;Зеленый салон;KD-PD-11428;KD-PD-11428;Чайник Овация;required
sol_26270f94ad;Зеленый салон;KD-PD-11430;KD-PD-11430;Сахарница Овация;required
sol_26270f94ad;Зеленый салон;KD-PD-11420;KD-PD-11420;Салатник Овация;required
sol_26270f94ad;Зеленый салон;KD-PD-11438;KD-PD-11438;Чайник Эхо;optional
sol_26270f94ad;Зеленый салон;KD-PD-114381;KD-PD-114381;Тарелка глубокая Эхо;optional
sol_26270f94ad;Зеленый салон;KD-PD-114382;KD-PD-114382;Тарелка закусочная Эхо;optional
sol_26270f94ad;Зеленый салон;KD-PD-114383;KD-PD-114383;Тарелка обеденная Эхо;optional
sol_26270f94ad;Зеленый салон;KD-PD-114384;KD-PD-114384;Тарелка десертная Эхо;optional
sol_26270f94ad;Зеленый салон;KD-PD-114385;KD-PD-114385;Супница Эхо;optional
sol_26270f94ad;Зеленый салон;KD-PD-8985;KD-PD-8985;Скатерть Весна;required
sol_26270f94ad;Зеленый салон;KD-PD-8982;KD-PD-8982;Плейсмат Весна;optional
sol_26270f94ad;Зеленый салон;KD-PD-7947;KD-PD-7947;Блюдо Петербург;required
sol_26270f94ad;Зеленый салон;KD-PD-8312;KD-PD-8312;Дорожка Петербург;required
sol_26270f94ad;Зеленый салон;KD-PD-7941;KD-PD-7941;Кружка Петербург;required
sol_26270f94ad;Зеленый салон;KD-PD-7942;KD-PD-7942;Салатник Петербург;required
sol_26270f94ad;Зеленый салон;KD-PD-7242;KD-PD-7242;Салфетки Петербург;required
sol_26270f94ad;Зеленый салон;KD-PD-7938;KD-PD-7938;Сахарница Петербург;required
sol_26270f94ad;Зеленый салон;KD-PD-8256;KD-PD-8256;Скатерть Петербург;required
sol_26270f94ad;Зеленый салон;KD-PD-7939;KD-PD-7939;Сливочник Петербург;required
sol_26270f94ad;Зеленый салон;KD-PD-7944;KD-PD-7944;Тарелка Петербург;required
sol_26270f94ad;Зеленый салон;KD-PD-7940;KD-PD-7940;Чайная пара Петербург;required
sol_26270f94ad;Зеленый салон;KD-PD-7937;KD-PD-7937;Чайник Петербург;required
sol_26270f94ad;Зеленый салон;KD-PD-8967;KD-PD-8967;Дорожка Многоцвет;required
sol_26270f94ad;Зеленый салон;KD-PD-8977;KD-PD-8977;Конверт для столовых приборов Многоцветы;required
sol_26270f94ad;Зеленый салон;KD-PD-7227;KD-PD-7227;Скатерть Многоцвет;required
sol_26270f94ad;Зеленый салон;KD-PD-9976;KD-PD-9976;Свеча Многоцветы;required
sol_26270f94ad;Зеленый салон;KD-PD-8242;KD-PD-8242;Набор столовых приборов Александр;required
sol_26270f94ad;Зеленый салон;KD-PD-8243;KD-PD-8243;Набор столовых приборов Петр;required
sol_26270f94ad;Зеленый салон;KD-PD-11419;KD-PD-11419;Блюдо овальное Овация;required
sol_26270f94ad;Зеленый салон;KD-PD-11431;KD-PD-11431;Кружка Овация;required
sol_26270f94ad;Зеленый салон;KD-PD-11429;KD-PD-11429;Молочник Овация;required
sol_26270f94ad;Зеленый салон;KD-PD-11421;KD-PD-11421;Салатник Овация;required
sol_26270f94ad;Зеленый салон;KD-PD-11418;KD-PD-11418;Тарелка глубокая Овация;required
sol_26270f94ad;Зеленый салон;KD-PD-11436;KD-PD-11436;Блюдо овальное Эхо;optional
sol_26270f94ad;Зеленый салон;KD-PD-11518;KD-PD-11518;Кофейная пара Эхо;optional
sol_26270f94ad;Зеленый салон;KD-PD-11441;KD-PD-11441;Молочник Эхо;optional
sol_26270f94ad;Зеленый салон;KD-PD-11449;KD-PD-11449;Салатник Эхо;optional
sol_26270f94ad;Зеленый салон;KD-PD-11440;KD-PD-11440;Сахарница Эхо;optional
sol_26270f94ad;Зеленый салон;KD-PD-9415;KD-PD-9415;Ваза для фруктов Весна;required
sol_26270f94ad;Зеленый салон;KD-PD-9418;KD-PD-9418;Кружка Весна;required
sol_26270f94ad;Зеленый салон;KD-PD-8984;KD-PD-8984;Салфетка Весна;required
sol_26270f94ad;Зеленый салон;KD-PD-9975;KD-PD-9975;Свеча Весна;required
sol_26270f94ad;Зеленый салон;KD-PD-9416;KD-PD-9416;Тарелка закусочная Весна;required
sol_26270f94ad;Зеленый салон;KD-PD-9417;KD-PD-9417;Тарелка обеденная Весна;required
sol_26270f94ad;Зеленый салон;KD-PD-10913;KD-PD-10913;Блюдо Весенний сад;optional
sol_26270f94ad;Зеленый салон;KD-PD-10911;KD-PD-10911;Блюдо Весенний сад;optional
sol_26270f94ad;Зеленый салон;KD-PD-10925;KD-PD-10925;Кофейная пара Весенний сад;required
sol_26270f94ad;Зеленый салон;KD-PD-11141;KD-PD-11141;Набор свечей Весенний сад;required
sol_26270f94ad;Зеленый салон;KD-PD-10928;KD-PD-10928;Перечница Весенний сад;required
sol_26270f94ad;Зеленый салон;KD-PD-10917;KD-PD-10917;Розетка для варенья Весенний сад;optional
sol_26270f94ad;Зеленый салон;KD-PD-10915;KD-PD-10915;Салатник Весенний сад;optional
sol_26270f94ad;Зеленый салон;KD-PD-10924;KD-PD-10924;Сахарница Весенний сад;required
sol_26270f94ad;Зеленый салон;KD-PD-10927;KD-PD-10927;Солонка Весенний сад;required
sol_26270f94ad;Зеленый салон;KD-PD-10926;KD-PD-10926;Соусник Весенний сад;required
sol_26270f94ad;Зеленый салон;KD-PD-10918;KD-PD-10918;Тарелка десертная Весенний сад;optional
sol_26270f94ad;Зеленый салон;KD-PD-10919;KD-PD-10919;Тарелка закусочная Весенний сад;optional
sol_26270f94ad;Зеленый салон;KD-PD-10920;KD-PD-10920;Тарелка обеденная Весенний сад;required
sol_26270f94ad;Зеленый салон;KD-PD-10921;KD-PD-10921;Тарелка подстановочная Весенний сад;required
sol_26270f94ad;Зеленый салон;KD-PD-10922;KD-PD-10922;Чайная пара Весенний сад;optional
sol_26270f94ad;Зеленый салон;KD-PD-10923;KD-PD-10923;Чайник Весенний сад;required
sol_26270f94ad;Зеленый салон;KD-PD-8695;KD-PD-8695;Подсвечник Росы;optional
sol_bea84aa589;Теплый брутализм;KD-PD-10841;KD-PD-10841;Плед Пушица;optional
sol_bea84aa589;Теплый брутализм;KD-PD-10786;KD-PD-10786;Подушка декоративная Пушица;optional
sol_bea84aa589;Теплый брутализм;KD-PD-9713;KD-PD-9713;Обложка для ежедневника Текстура;required
sol_bea84aa589;Теплый брутализм;KD-PD-9718;KD-PD-9718;Игра домино Текстура;required
sol_bea84aa589;Теплый брутализм;KD-PD-8768;KD-PD-8768;Игра крестики - нолики Текстура;required
sol_bea84aa589;Теплый брутализм;KD-PD-8770;KD-PD-8770;Игра шашки Текстура;required
sol_bea84aa589;Теплый брутализм;KD-PD-8765;KD-PD-8765;Корзина Текстура;required
sol_bea84aa589;Теплый брутализм;KD-PD-8777;KD-PD-8777;Плейсмат Текстура;required
sol_bea84aa589;Теплый брутализм;KD-PD-9711;KD-PD-9711;Поднос Текстура;required
sol_bea84aa589;Теплый брутализм;KD-PD-8776;KD-PD-8776;Подставка под бокал Текстура;required
sol_bea84aa589;Теплый брутализм;KD-PD-8758;KD-PD-8758;Салфетница Текстура;required
sol_bea84aa589;Теплый брутализм;KD-PD-8242;KD-PD-8242;Набор столовых приборов Александр;optional
sol_bea84aa589;Теплый брутализм;KD-PD-8243;KD-PD-8243;Набор столовых приборов Петр;optional
sol_bea84aa589;Теплый брутализм;KD-PD-10287;KD-PD-10287;Менажница Дрёмица;required
sol_bea84aa589;Теплый брутализм;KD-PD-10127;KD-PD-10127;Поднос Дрёмица;required
sol_bea84aa589;Теплый брутализм;KD-PD-10283;KD-PD-10283;Подставка для салфеток Дрёмица;required
sol_bea84aa589;Теплый брутализм;KD-PD-10284;KD-PD-10284;Подставка-менажница Дрёмица;required
sol_bea84aa589;Теплый брутализм;KD-PD-8695;KD-PD-8695;Подсвечник Росы;optional
sol_bea84aa589;Теплый брутализм;KD-PD-10244;KD-PD-10244;Блюдо овальное Юрма;required
sol_bea84aa589;Теплый брутализм;KD-PD-10239;KD-PD-10239;Тарелка закусочная Юрма;required
sol_bea84aa589;Теплый брутализм;KD-PD-1;KD-PD-1;Свеча Корона;optional
