scenario_id,scenario_name,role,preset_status,candidate_rank,is_recommended,offer_id,vendor_code,collection,product_name,product_type,price_rub,old_price_rub,color,size,material,product_url,primary_image_url,all_image_urls,palette,style_tags
red-thread-tea,Красная нить,tea_pair,required,1,True,1328,УТ-00010932,Мокоши,Кофейная пара Мокоши,coffee_pair,2990,,белый,,фарфор,https://kultura-doma.ru/product/kofeynaya-para-mokoshi,https://kultura-doma.ru/public/src/images/gallery/catalog/69441f32012f2_big.jpg,https://kultura-doma.ru/public/src/images/gallery/catalog/69441f32012f2_big.jpg|https://kultura-doma.ru/public/src/images/gallery/catalog/69417a5df2b89_big.jpg|https://kultura-doma.ru/public/src/images/gallery/catalog/69441f337c0e5_big.jpg|https://kultura-doma.ru/public/src/images/gallery/catalog/69417a5fb4604_big.jpg|https://kultura-doma.ru/public/src/images/gallery/catalog/69441f34a9ed8_big.jpg|https://kultura-doma.ru/public/src/images/gallery/catalog/69417a616ea73_big.jpg|https://kultura-doma.ru/public/src/images/gallery/catalog/69417a631da91_big.jpg,milk|red,folk|graphic|ornamental
red-thread-tea,Красная нить,tea_pair,required,2,False,1330,УТ-00010930,Мокоши,Чайная пара Мокоши,tea_pair,4590,,белый,,фарфор,https://kultura-doma.ru/product/chaynaya-para-mokoshi,https://kultura-doma.ru/public/src/images/gallery/catalog/694151510f837_big.jpg,https://kultura-doma.ru/public/src/images/gallery/catalog/694151510f837_big.jpg|https://kultura-doma.ru/public/src/images/gallery/catalog/69417699838e2_big.jpg|https://kultura-doma.ru/public/src/images/gallery/catalog/6941514ed8ad6_big.jpg|https://kultura-doma.ru/public/src/images/gallery/catalog/69415152699f5_big.jpg|https://kultura-doma.ru/public/src/images/gallery/catalog/6941769cd8ed9_big.jpg|https://kultura-doma.ru/public/src/images/gallery/catalog/6941769e5e7bb_big.jpg,milk|red,folk|graphic|ornamental
red-thread-tea,Красная нить,neutral_plate,default,1,True,1562,УТ-00011432,Камея,Тарелка десертная Камея,dessert_plate,1673,2390,белый,"20,8 см",костяной фарфор,https://kultura-doma.ru/product/tarelka-desertnaya-kameya,https://kultura-doma.ru/public/src/images/gallery/catalog/6a3a73285a37b_big.jpg,https://kultura-doma.ru/public/src/images/gallery/catalog/6a3a73285a37b_big.jpg|https://kultura-doma.ru/public/src/images/gallery/catalog/69a5772a9dbd2_big.jpg,milk|white,classic|neutral|relief
red-thread-tea,Красная нить,neutral_plate,default,2,False,1563,УТ-00011433,Камея,Тарелка закусочная Камея,snack_plate,2233,3190,белый,"23,5 см",костяной фарфор,https://kultura-doma.ru/product/tarelka-zakusochnaya-kameya,https://kultura-doma.ru/public/src/images/gallery/catalog/6a3a739923911_big.jpg,https://kultura-doma.ru/public/src/images/gallery/catalog/6a3a739923911_big.jpg|https://kultura-doma.ru/public/src/images/gallery/catalog/69a576f26a902_big.jpg,milk|white,classic|neutral|relief
red-thread-tea,Красная нить,table_textile,default,1,True,1354,УТ-00010587,Мокоши,Плейсмат Мокоши,placemat,1590,,белый,40х50 см,сатин,https://kultura-doma.ru/product/pleysmat-mokoshi,https://kultura-doma.ru/public/src/images/gallery/catalog/69f219228e2f7_big.jpg,https://kultura-doma.ru/public/src/images/gallery/catalog/69f219228e2f7_big.jpg|https://kultura-doma.ru/public/src/images/gallery/catalog/694173bbd1f6f_big.jpg,milk|red,folk|graphic|ornamental
red-thread-tea,Красная нить,table_textile,default,2,False,1352,УТ-00010567,Мокоши,Салфетка Мокоши,napkin,1990,,белый,45х45 см,сатин,https://kultura-doma.ru/product/salfetka-mokoshi,https://kultura-doma.ru/public/src/images/gallery/catalog/69f2194d979a2_big.jpg,https://kultura-doma.ru/public/src/images/gallery/catalog/69f2194d979a2_big.jpg|https://kultura-doma.ru/public/src/images/gallery/catalog/694173df49b51_big.jpg,milk|red,folk|graphic|ornamental
red-thread-tea,Красная нить,table_textile,default,3,False,1369,УТ-00010414,Мокоши,Дорожка с кисточками Мокоши,table_runner,14900,,белый,50х180 см,лён,https://kultura-doma.ru/product/dorozhka-mokoshi,https://kultura-doma.ru/public/src/images/gallery/catalog/69f218c75fc49_big.jpg,https://kultura-doma.ru/public/src/images/gallery/catalog/69f218c75fc49_big.jpg|https://kultura-doma.ru/public/src/images/gallery/catalog/694173f643ab4_big.jpg,milk|red,folk|graphic|ornamental
red-thread-tea,Красная нить,serving_add_on,optional,1,True,1554,УТ-00011441,Камея,Молочник Камея,milk_jug,1673,2390,белый,,костяной фарфор,https://kultura-doma.ru/product/molochnik-kameya,https://kultura-doma.ru/public/src/images/gallery/catalog/6a394aeea5edf_big.jpg,https://kultura-doma.ru/public/src/images/gallery/catalog/6a394aeea5edf_big.jpg|https://kultura-doma.ru/public/src/images/gallery/catalog/6a15ad53ba204_big.jpg|https://kultura-doma.ru/public/src/images/gallery/catalog/69a5765de48a1_big.jpg,milk|white,classic|neutral|relief
red-thread-tea,Красная нить,serving_add_on,optional,2,False,1561,УТ-00011440,Камея,Сахарница Камея,sugar_bowl,2513,3590,белый,,костяной фарфор,https://kultura-doma.ru/product/saharnica-kameya,https://kultura-doma.ru/public/src/images/gallery/catalog/6a394af59a5dc_big.jpg,https://kultura-doma.ru/public/src/images/gallery/catalog/6a394af59a5dc_big.jpg|https://kultura-doma.ru/public/src/images/gallery/catalog/6a15aede2722f_big.jpg,milk|white,classic|neutral|relief
red-thread-tea,Красная нить,serving_add_on,optional,3,False,1568,УТ-00011439,Камея,Чайник заварочный Камея,teapot,4473,6390,белый,,костяной фарфор,https://kultura-doma.ru/product/chaynik-zavarochnyy-kameya-1568,https://kultura-doma.ru/public/src/images/gallery/catalog/6a394af835e91_big.jpg,https://kultura-doma.ru/public/src/images/gallery/catalog/6a394af835e91_big.jpg|https://kultura-doma.ru/public/src/images/gallery/catalog/699d71e583d98_big.jpg,milk|white,classic|neutral|relief
red-thread-tea,Красная нить,serving_add_on,optional,4,False,1567,УТ-00011438,Камея,Чайник заварочный Камея,teapot,5593,7990,белый,,костяной фарфор,https://kultura-doma.ru/product/chaynik-zavarochnyy-kameya,https://kultura-doma.ru/public/src/images/gallery/catalog/6a50b12627f2e_big.jpg,https://kultura-doma.ru/public/src/images/gallery/catalog/6a50b12627f2e_big.jpg|https://kultura-doma.ru/public/src/images/gallery/catalog/699f11c473620_big.jpg,milk|white,classic|neutral|relief
quiet-obereg,Тихий оберег,tea_pair,required,1,True,1539,УТ-00011516,Овация,Кофейная пара Овация,coffee_pair,894,1490,белый,,фарфор,https://kultura-doma.ru/product/kofeynaya-para-ovaciya,https://kultura-doma.ru/public/src/images/gallery/catalog/6a394af98ba5b_big.jpg,https://kultura-doma.ru/public/src/images/gallery/catalog/6a394af98ba5b_big.jpg|https://kultura-doma.ru/public/src/images/gallery/catalog/699308df21c8f_big.jpg|https://kultura-doma.ru/public/src/images/gallery/catalog/69930fcc7d471_big.png,milk|white,textured|soft|modern
quiet-obereg,Тихий оберег,tea_pair,required,2,False,1540,УТ-00011514,Овация,Чайная пара Овация,tea_pair,1194,1990,белый,,фарфор,https://kultura-doma.ru/product/chaynaya-para-ovaciya,https://kultura-doma.ru/public/src/images/gallery/catalog/6a394afacf9ef_big.jpg,https://kultura-doma.ru/public/src/images/gallery/catalog/6a394afacf9ef_big.jpg|https://kultura-doma.ru/public/src/images/gallery/catalog/699308d3be25c_big.jpg,milk|white,textured|soft|modern
quiet-obereg,Тихий оберег,tea_pair,required,3,False,1557,УТ-00011518,Камея,Кофейная пара Камея,coffee_pair,1673,2390,белый,,костяной фарфор,https://kultura-doma.ru/product/kofeynaya-para-kameya,https://kultura-doma.ru/public/src/images/gallery/catalog/6a394af3ed506_big.jpg,https://kultura-doma.ru/public/src/images/gallery/catalog/6a394af3ed506_big.jpg|https://kultura-doma.ru/public/src/images/gallery/catalog/6a15ad989a8a5_big.jpg|https://kultura-doma.ru/public/src/images/gallery/catalog/6a394af3a736d_big.jpg|https://kultura-doma.ru/public/src/images/gallery/catalog/6a394af4453b5_big.jpg,milk|white,classic|neutral|relief
quiet-obereg,Тихий оберег,tea_pair,required,4,False,1556,УТ-00011517,Камея,Чайная пара Камея,tea_pair,2233,3190,белый,,костяной фарфор,https://kultura-doma.ru/product/chaynaya-para-kameya,https://kultura-doma.ru/public/src/images/gallery/catalog/6a394af134502_big.jpg,https://kultura-doma.ru/public/src/images/gallery/catalog/6a394af134502_big.jpg|https://kultura-doma.ru/public/src/images/gallery/catalog/69a5760b0ab4b_big.jpg,milk|white,classic|neutral|relief
quiet-obereg,Тихий оберег,table_textile,default,1,True,1351,УТ-00010566,Обереги,Салфетка Обереги,napkin,1990,,белый,45х45 см,сатин,https://kultura-doma.ru/product/salfetka-oberegi,https://kultura-doma.ru/public/src/images/gallery/catalog/6a4285ec3ef3f_big.jpg,https://kultura-doma.ru/public/src/images/gallery/catalog/6a4285ec3ef3f_big.jpg|https://kultura-doma.ru/public/src/images/gallery/catalog/694412084096e_big.jpg,milk|blue,quiet|delicate|protective
quiet-obereg,Тихий оберег,table_textile,default,2,False,1353,УТ-00010586,Обереги,Плейсмат Обереги,placemat,2590,,белый,43х43 см,сатин,https://kultura-doma.ru/product/pleysmat-oberegi,https://kultura-doma.ru/public/src/images/gallery/catalog/6a575b0f807d4_big.jpg,https://kultura-doma.ru/public/src/images/gallery/catalog/6a575b0f807d4_big.jpg|https://kultura-doma.ru/public/src/images/gallery/catalog/694411c3b3746_big.jpg,milk|blue,quiet|delicate|protective
quiet-obereg,Тихий оберег,table_textile,default,3,False,1422,УТ-00010448,Обереги,Скатерть с вышивкой Обереги,tablecloth,22900,,белый,180х180 см,сатин,https://kultura-doma.ru/product/skatert-s-vyshivkoy-oberegi-pryamougol-naya,https://kultura-doma.ru/public/src/images/gallery/catalog/697b7b278ca62_big.jpg,https://kultura-doma.ru/public/src/images/gallery/catalog/697b7b278ca62_big.jpg|https://kultura-doma.ru/public/src/images/gallery/catalog/697b54f0beae9_big.jpg,milk|blue,quiet|delicate|protective
quiet-obereg,Тихий оберег,table_textile,default,4,False,1422-1566,УТ-00010448,Обереги,Скатерть с вышивкой Обереги: 180х250 см,tablecloth,24900,,белый,180х250 см,сатин,https://kultura-doma.ru/product/skatert-s-vyshivkoy-oberegi-pryamougol-naya-size-180h250,https://kultura-doma.ru/public/src/images/gallery/catalog/697b7b278ca62_big.jpg,https://kultura-doma.ru/public/src/images/gallery/catalog/697b7b278ca62_big.jpg|https://kultura-doma.ru/public/src/images/gallery/catalog/697b54f0beae9_big.jpg,milk|blue,quiet|delicate|protective
quiet-obereg,Тихий оберег,serving_add_on,optional,1,True,1543,УТ-00011429,Овация,Молочник Овация,milk_jug,894,1490,белый,,фарфор,https://kultura-doma.ru/product/molochnik-ovaciya,https://kultura-doma.ru/public/src/images/gallery/catalog/6a394afd5391f_big.jpg,https://kultura-doma.ru/public/src/images/gallery/catalog/6a394afd5391f_big.jpg|https://kultura-doma.ru/public/src/images/gallery/catalog/699306866add5_big.jpg,milk|white,textured|soft|modern
quiet-obereg,Тихий оберег,serving_add_on,optional,2,False,1544,УТ-00011430,Овация,Сахарница Овация,sugar_bowl,954,1590,белый,,фарфор,https://kultura-doma.ru/product/saharnica-ovaciya,https://kultura-doma.ru/public/src/images/gallery/catalog/6a394afe9c244_big.jpg,https://kultura-doma.ru/public/src/images/gallery/catalog/6a394afe9c244_big.jpg|https://kultura-doma.ru/public/src/images/gallery/catalog/6993066f183f9_big.jpg,milk|white,textured|soft|modern
quiet-obereg,Тихий оберег,serving_add_on,optional,3,False,1554,УТ-00011441,Камея,Молочник Камея,milk_jug,1673,2390,белый,,костяной фарфор,https://kultura-doma.ru/product/molochnik-kameya,https://kultura-doma.ru/public/src/images/gallery/catalog/6a394aeea5edf_big.jpg,https://kultura-doma.ru/public/src/images/gallery/catalog/6a394aeea5edf_big.jpg|https://kultura-doma.ru/public/src/images/gallery/catalog/6a15ad53ba204_big.jpg|https://kultura-doma.ru/public/src/images/gallery/catalog/69a5765de48a1_big.jpg,milk|white,classic|neutral|relief
quiet-obereg,Тихий оберег,serving_add_on,optional,4,False,1542,УТ-00011428,Овация,Чайник Овация,teapot,2394,3990,белый,,фарфор,https://kultura-doma.ru/product/chaynik-ovaciya,https://kultura-doma.ru/public/src/images/gallery/catalog/6a394afc1ae84_big.jpg,https://kultura-doma.ru/public/src/images/gallery/catalog/6a394afc1ae84_big.jpg|https://kultura-doma.ru/public/src/images/gallery/catalog/699306910d923_big.jpg,milk|white,textured|soft|modern
quiet-obereg,Тихий оберег,serving_add_on,optional,5,False,1561,УТ-00011440,Камея,Сахарница Камея,sugar_bowl,2513,3590,белый,,костяной фарфор,https://kultura-doma.ru/product/saharnica-kameya,https://kultura-doma.ru/public/src/images/gallery/catalog/6a394af59a5dc_big.jpg,https://kultura-doma.ru/public/src/images/gallery/catalog/6a394af59a5dc_big.jpg|https://kultura-doma.ru/public/src/images/gallery/catalog/6a15aede2722f_big.jpg,milk|white,classic|neutral|relief
quiet-obereg,Тихий оберег,serving_add_on,optional,6,False,1568,УТ-00011439,Камея,Чайник заварочный Камея,teapot,4473,6390,белый,,костяной фарфор,https://kultura-doma.ru/product/chaynik-zavarochnyy-kameya-1568,https://kultura-doma.ru/public/src/images/gallery/catalog/6a394af835e91_big.jpg,https://kultura-doma.ru/public/src/images/gallery/catalog/6a394af835e91_big.jpg|https://kultura-doma.ru/public/src/images/gallery/catalog/699d71e583d98_big.jpg,milk|white,classic|neutral|relief
quiet-obereg,Тихий оберег,serving_add_on,optional,7,False,1567,УТ-00011438,Камея,Чайник заварочный Камея,teapot,5593,7990,белый,,костяной фарфор,https://kultura-doma.ru/product/chaynik-zavarochnyy-kameya,https://kultura-doma.ru/public/src/images/gallery/catalog/6a50b12627f2e_big.jpg,https://kultura-doma.ru/public/src/images/gallery/catalog/6a50b12627f2e_big.jpg|https://kultura-doma.ru/public/src/images/gallery/catalog/699f11c473620_big.jpg,milk|white,classic|neutral|relief
sky-celebration,Небесный праздник,tea_pair,required,1,True,1512,УТ-00010951,Дияф,Чайная пара Дияф,tea_pair,2394,3990,белый,,фарфор,https://kultura-doma.ru/product/chaynaya-para-diyaf,https://kultura-doma.ru/public/src/images/gallery/catalog/assets/images/698dee8e5df80_big__f5d5701899.jpg,https://kultura-doma.ru/public/src/images/gallery/catalog/assets/images/698dee8e5df80_big__f5d5701899.jpg|https://kultura-doma.ru/public/src/images/gallery/catalog/69957d1fd8941_big.jpg|https://kultura-doma.ru/public/src/images/gallery/catalog/698deeb89326e_big.jpg|https://kultura-doma.ru/public/src/images/gallery/catalog/698deeb993ca2_big.jpg|https://kultura-doma.ru/public/src/images/gallery/catalog/698deebb3f321_big.jpg,milk|sky_blue|gold,festive|geometric|ornamental
sky-celebration,Небесный праздник,table_textile,default,1,True,1519,УТ-00010591,Дияф,Салфетка Дияф,napkin,1194,1990,белый,45х45 см,сатин,https://kultura-doma.ru/product/salfetka-diyaf,https://kultura-doma.ru/public/src/images/gallery/catalog/6a428351b8c77_big.jpg,https://kultura-doma.ru/public/src/images/gallery/catalog/6a428351b8c77_big.jpg|https://kultura-doma.ru/public/src/images/gallery/catalog/6998705aca8c4_big.jpg,milk|sky_blue|gold,festive|geometric|ornamental
sky-celebration,Небесный праздник,table_textile,default,2,False,1520,УТ-00010590,Дияф,Плейсмат Дияф,placemat,1554,2590,белый,43х43 см,сатин,https://kultura-doma.ru/product/pleysmat-diyaf,https://kultura-doma.ru/public/src/images/gallery/catalog/assets/images/698deb44c83a5_big__2da2a3221c.jpg,https://kultura-doma.ru/public/src/images/gallery/catalog/assets/images/698deb44c83a5_big__2da2a3221c.jpg|https://kultura-doma.ru/public/src/images/gallery/catalog/69987030b2a3a_big.jpg|https://kultura-doma.ru/public/src/images/gallery/catalog/6a575aa6d71d1_big.jpg,milk|sky_blue|gold,festive|geometric|ornamental
sky-celebration,Небесный праздник,table_textile,default,3,False,1521,УТ-00011006,Дияф,Дорожка Дияф,table_runner,2694,4490,белый,50х120 см,,https://kultura-doma.ru/product/dorozhka-diyaf,https://kultura-doma.ru/public/src/images/gallery/catalog/69f218d992ea2_big.jpg,https://kultura-doma.ru/public/src/images/gallery/catalog/69f218d992ea2_big.jpg|https://kultura-doma.ru/public/src/images/gallery/catalog/699870769f441_big.jpg|https://kultura-doma.ru/public/src/images/gallery/catalog/69f218da1257e_big.jpg|https://kultura-doma.ru/public/src/images/gallery/catalog/69f218d9cbdca_big.jpg,milk|sky_blue|gold,festive|geometric|ornamental
sky-celebration,Небесный праздник,table_textile,default,4,False,1703,УТ-00010459,Дияф,Скатерть Дияф,tablecloth,13740,22900,белый,180х250 см,сатин,https://kultura-doma.ru/product/skatert-s-vyshivkoy-diyaf,https://kultura-doma.ru/public/src/images/gallery/catalog/6a5756979a0b7_big.jpg,https://kultura-doma.ru/public/src/images/gallery/catalog/6a5756979a0b7_big.jpg|https://kultura-doma.ru/public/src/images/gallery/catalog/69b7abf483873_big.jpg,milk|sky_blue|gold,festive|geometric|ornamental
sky-celebration,Небесный праздник,table_textile,default,5,False,1703-1903,УТ-00011002,Дияф,Скатерть Дияф: 180х350 см,tablecloth,15540,22900,белый,180х350 см,сатин,https://kultura-doma.ru/product/skatert-s-vyshivkoy-diyaf-size-180h350-sm,https://kultura-doma.ru/public/src/images/gallery/catalog/6a5756979a0b7_big.jpg,https://kultura-doma.ru/public/src/images/gallery/catalog/6a5756979a0b7_big.jpg|https://kultura-doma.ru/public/src/images/gallery/catalog/69b7abf483873_big.jpg,milk|sky_blue|gold,festive|geometric|ornamental
sky-celebration,Небесный праздник,neutral_plate,default,1,True,1532,УТ-00011415,Овация,Тарелка десертная Овация,dessert_plate,894,1490,белый,"18,5 см",фарфор,https://kultura-doma.ru/product/tarelka-desertnaya-ovaciya,https://kultura-doma.ru/public/src/images/gallery/catalog/69a59fe31bc63_big.jpg,https://kultura-doma.ru/public/src/images/gallery/catalog/69a59fe31bc63_big.jpg|https://kultura-doma.ru/public/src/images/gallery/catalog/699309e079356_big.jpg|https://kultura-doma.ru/public/src/images/gallery/catalog/6a3a732a78977_big.jpg|https://kultura-doma.ru/public/src/images/gallery/catalog/6a3a732ab493a_big.jpg,milk|white,textured|soft|modern
sky-celebration,Небесный праздник,neutral_plate,default,2,False,1562,УТ-00011432,Камея,Тарелка десертная Камея,dessert_plate,1673,2390,белый,"20,8 см",костяной фарфор,https://kultura-doma.ru/product/tarelka-desertnaya-kameya,https://kultura-doma.ru/public/src/images/gallery/catalog/6a3a73285a37b_big.jpg,https://kultura-doma.ru/public/src/images/gallery/catalog/6a3a73285a37b_big.jpg|https://kultura-doma.ru/public/src/images/gallery/catalog/69a5772a9dbd2_big.jpg,milk|white,classic|neutral|relief
sky-celebration,Небесный праздник,neutral_plate,default,3,False,1534,УТ-00011417,Овация,Тарелка обеденная Овация,dinner_plate,1794,2990,белый,"26,5 см",фарфор,https://kultura-doma.ru/product/tarelka-obedennaya-ovaciya,https://kultura-doma.ru/public/src/images/gallery/catalog/69cfd1dbd8788_big.jpg,https://kultura-doma.ru/public/src/images/gallery/catalog/69cfd1dbd8788_big.jpg|https://kultura-doma.ru/public/src/images/gallery/catalog/69cfd06a0b47c_big.jpg,milk|white,textured|soft|modern
sky-celebration,Небесный праздник,neutral_plate,default,4,False,1564,УТ-00011434,Камея,Тарелка обеденная Камея,dinner_plate,2793,3990,белый,"26,6 см",костяной фарфор,https://kultura-doma.ru/product/tarelka-obedennaya-kameya,https://kultura-doma.ru/public/src/images/gallery/catalog/6a06d76222d16_big.jpg,https://kultura-doma.ru/public/src/images/gallery/catalog/6a06d76222d16_big.jpg|https://kultura-doma.ru/public/src/images/gallery/catalog/69a576c56bb35_big.jpg,milk|white,classic|neutral|relief
sky-celebration,Небесный праздник,serving_add_on,optional,1,True,1516,УТ-00010950,Дияф,Сахарница Дияф,sugar_bowl,2094,3490,белый,,фарфор,https://kultura-doma.ru/product/saharnica-diyaf,https://kultura-doma.ru/public/src/images/gallery/catalog/assets/images/698ded3fbd8f9_big__3230560b72.jpg,https://kultura-doma.ru/public/src/images/gallery/catalog/assets/images/698ded3fbd8f9_big__3230560b72.jpg|https://kultura-doma.ru/public/src/images/gallery/catalog/69957d2971cb4_big.jpg|https://kultura-doma.ru/public/src/images/gallery/catalog/698ded3d8218d_big.jpg|https://kultura-doma.ru/public/src/images/gallery/catalog/6a394b0bc61cd_big.jpg|https://kultura-doma.ru/public/src/images/gallery/catalog/6a394b0aa096c_big.jpg,milk|sky_blue|gold,festive|geometric|ornamental
sky-celebration,Небесный праздник,serving_add_on,optional,2,False,1511,УТ-00010949,Дияф,Чайник заварочный Дияф,teapot,2994,4990,белый,,фарфор,https://kultura-doma.ru/product/chaynik-zavarochnyy-diyaf,https://kultura-doma.ru/public/src/images/gallery/catalog/6a394b019545c_big.jpg,https://kultura-doma.ru/public/src/images/gallery/catalog/6a394b019545c_big.jpg|https://kultura-doma.ru/public/src/images/gallery/catalog/69957d12b40cb_big.jpg|https://kultura-doma.ru/public/src/images/gallery/catalog/698deed78a015_big.jpg|https://kultura-doma.ru/public/src/images/gallery/catalog/698deedbe718a_big.jpg,milk|sky_blue|gold,festive|geometric|ornamental
sky-celebration,Небесный праздник,serving_add_on,optional,3,False,1518,УТ-00010944,Дияф,Блюдо Дияф,serving_dish,4194,6990,белый,32 см,фарфор,https://kultura-doma.ru/product/blyudo-diyaf,https://kultura-doma.ru/public/src/images/gallery/catalog/assets/images/698deddc79da9_big__6a73b84461.jpg,https://kultura-doma.ru/public/src/images/gallery/catalog/assets/images/698deddc79da9_big__6a73b84461.jpg|https://kultura-doma.ru/public/src/images/gallery/catalog/69957c89b3bd1_big.jpg|https://kultura-doma.ru/public/src/images/gallery/catalog/6a3a77b382e86_big.jpg|https://kultura-doma.ru/public/src/images/gallery/catalog/6a3a77b075fd9_big.jpg|https://kultura-doma.ru/public/src/images/gallery/catalog/6a3a77b19092e_big.jpg|https://kultura-doma.ru/public/src/images/gallery/catalog/6a3a77b29de5b_big.jpg|https://kultura-doma.ru/public/src/images/gallery/catalog/6a3a77b451189_big.jpg,milk|sky_blue|gold,festive|geometric|ornamental
green-salon,Зелёный салон,tea_pair,required,1,True,340,УТ-00007940,Петербург,Чайная пара Петербург,tea_pair,4995,9990,белый,,костяной фарфор,https://kultura-doma.ru/product/chaynaya-para-peterburg,https://kultura-doma.ru/public/src/images/gallery/catalog/6a394ba34f611_big.jpg,https://kultura-doma.ru/public/src/images/gallery/catalog/6a394ba34f611_big.jpg|https://kultura-doma.ru/public/src/images/gallery/catalog/6a394ba3081b0_big.jpg|https://kultura-doma.ru/public/src/images/gallery/catalog/6a394ba3a1f76_big.jpg|https://kultura-doma.ru/public/src/images/gallery/catalog/6a394ba405e03_big.jpg|https://kultura-doma.ru/public/src/images/gallery/catalog/6a394ba2afaca_big.jpg|https://kultura-doma.ru/public/src/images/gallery/catalog/6a394ba13e1ed_big.jpg|https://kultura-doma.ru/public/src/images/gallery/catalog/6a394b9c405aa_big.jpg,green|milk,urban|classic|graphic
green-salon,Зелёный салон,table_textile,default,1,True,572,УТ-00007242,Петербург,Салфетки Петербург,napkin,650,1300,белый,45х45 см,сатин,https://kultura-doma.ru/product/dorozhka-peterburg-572,https://kultura-doma.ru/public/src/images/gallery/catalog/69f2194fe62aa_big.jpg,https://kultura-doma.ru/public/src/images/gallery/catalog/69f2194fe62aa_big.jpg|https://kultura-doma.ru/public/src/images/gallery/catalog/68f09ca5731f1_big.jpg,green|milk,urban|classic|graphic
green-salon,Зелёный салон,table_textile,default,2,False,529,УТ-00008312,Петербург,Дорожка Петербург,table_runner,2500,5000,белый,165х45 см,сатин,https://kultura-doma.ru/product/dorozhka-peterburg,https://kultura-doma.ru/public/src/images/gallery/catalog/69f218cb89b24_big.jpg,https://kultura-doma.ru/public/src/images/gallery/catalog/69f218cb89b24_big.jpg|https://kultura-doma.ru/public/src/images/gallery/catalog/68ef707de05e1_big.jpg|https://kultura-doma.ru/public/src/images/gallery/catalog/69f218cc7016f_big.jpg|https://kultura-doma.ru/public/src/images/gallery/catalog/69f218cc10f3c_big.jpg,green|milk,urban|classic|graphic
green-salon,Зелёный салон,table_textile,default,3,False,599,УТ-00009446,Петербург,Скатерть Петербург,tablecloth,7250,14500,белый,180х250 см,сатин,https://kultura-doma.ru/product/skatert-peterburg,https://kultura-doma.ru/public/src/images/gallery/catalog/6a5757932b2a8_big.jpg,https://kultura-doma.ru/public/src/images/gallery/catalog/6a5757932b2a8_big.jpg|https://kultura-doma.ru/public/src/images/gallery/catalog/68ef6b3203862_big.jpg|https://kultura-doma.ru/public/src/images/gallery/catalog/6a575793c96d8_big.jpg|https://kultura-doma.ru/public/src/images/gallery/catalog/6a5757930da5a_big.jpg,green|milk,urban|classic|graphic
green-salon,Зелёный салон,neutral_plate,default,1,True,1532,УТ-00011415,Овация,Тарелка десертная Овация,dessert_plate,894,1490,белый,"18,5 см",фарфор,https://kultura-doma.ru/product/tarelka-desertnaya-ovaciya,https://kultura-doma.ru/public/src/images/gallery/catalog/69a59fe31bc63_big.jpg,https://kultura-doma.ru/public/src/images/gallery/catalog/69a59fe31bc63_big.jpg|https://kultura-doma.ru/public/src/images/gallery/catalog/699309e079356_big.jpg|https://kultura-doma.ru/public/src/images/gallery/catalog/6a3a732a78977_big.jpg|https://kultura-doma.ru/public/src/images/gallery/catalog/6a3a732ab493a_big.jpg,milk|white,textured|soft|modern
green-salon,Зелёный салон,neutral_plate,default,2,False,1562,УТ-00011432,Камея,Тарелка десертная Камея,dessert_plate,1673,2390,белый,"20,8 см",костяной фарфор,https://kultura-doma.ru/product/tarelka-desertnaya-kameya,https://kultura-doma.ru/public/src/images/gallery/catalog/6a3a73285a37b_big.jpg,https://kultura-doma.ru/public/src/images/gallery/catalog/6a3a73285a37b_big.jpg|https://kultura-doma.ru/public/src/images/gallery/catalog/69a5772a9dbd2_big.jpg,milk|white,classic|neutral|relief
green-salon,Зелёный салон,neutral_plate,default,3,False,1534,УТ-00011417,Овация,Тарелка обеденная Овация,dinner_plate,1794,2990,белый,"26,5 см",фарфор,https://kultura-doma.ru/product/tarelka-obedennaya-ovaciya,https://kultura-doma.ru/public/src/images/gallery/catalog/69cfd1dbd8788_big.jpg,https://kultura-doma.ru/public/src/images/gallery/catalog/69cfd1dbd8788_big.jpg|https://kultura-doma.ru/public/src/images/gallery/catalog/69cfd06a0b47c_big.jpg,milk|white,textured|soft|modern
green-salon,Зелёный салон,neutral_plate,default,4,False,1564,УТ-00011434,Камея,Тарелка обеденная Камея,dinner_plate,2793,3990,белый,"26,6 см",костяной фарфор,https://kultura-doma.ru/product/tarelka-obedennaya-kameya,https://kultura-doma.ru/public/src/images/gallery/catalog/6a06d76222d16_big.jpg,https://kultura-doma.ru/public/src/images/gallery/catalog/6a06d76222d16_big.jpg|https://kultura-doma.ru/public/src/images/gallery/catalog/69a576c56bb35_big.jpg,milk|white,classic|neutral|relief
green-salon,Зелёный салон,serving_add_on,optional,1,True,269,УТ-00007939,Петербург,Сливочник Петербург,milk_jug,6450,12900,белый,13х8х10 см,костяной фарфор,https://kultura-doma.ru/product/slivochnik-peterburg,https://kultura-doma.ru/public/src/images/gallery/catalog/6a632cffe8804_big.jpg,https://kultura-doma.ru/public/src/images/gallery/catalog/6a632cffe8804_big.jpg|https://kultura-doma.ru/public/src/images/gallery/catalog/6a632cff1c511_big.jpg|https://kultura-doma.ru/public/src/images/gallery/catalog/6a632d0037bdb_big.jpg|https://kultura-doma.ru/public/src/images/gallery/catalog/6a632cfe538d6_big.jpg,green|milk,urban|classic|graphic
green-salon,Зелёный салон,serving_add_on,optional,2,False,303,УТ-00007938,Петербург,Сахарница Петербург,sugar_bowl,7950,15900,белый,,костяной фарфор,https://kultura-doma.ru/product/saharnica-peterburg,https://kultura-doma.ru/public/src/images/gallery/catalog/6a394b88d86f5_big.jpg,https://kultura-doma.ru/public/src/images/gallery/catalog/6a394b88d86f5_big.jpg|https://kultura-doma.ru/public/src/images/gallery/catalog/6a394b886643a_big.jpg|https://kultura-doma.ru/public/src/images/gallery/catalog/6a394b89200e7_big.jpg|https://kultura-doma.ru/public/src/images/gallery/catalog/6a394b8963f59_big.jpg,green|milk,urban|classic|graphic
green-salon,Зелёный салон,serving_add_on,optional,3,False,337,УТ-00007937,Петербург,Чайник Петербург,teapot,9950,19900,белый,,костяной фарфор,https://kultura-doma.ru/product/chaynik-peterburg,https://kultura-doma.ru/public/src/images/gallery/catalog/6a394f8eb12f9_big.jpg,https://kultura-doma.ru/public/src/images/gallery/catalog/6a394f8eb12f9_big.jpg|https://kultura-doma.ru/public/src/images/gallery/catalog/6a394f8a58a79_big.jpg|https://kultura-doma.ru/public/src/images/gallery/catalog/6a394f8f0440d_big.jpg|https://kultura-doma.ru/public/src/images/gallery/catalog/6a394f8fa4bbf_big.jpg|https://kultura-doma.ru/public/src/images/gallery/catalog/6a394f8d83f61_big.jpg|https://kultura-doma.ru/public/src/images/gallery/catalog/6a394f8ad65b9_big.jpg,green|milk,urban|classic|graphic
multicolor-garden,Многоцветный сад,neutral_plate,default,1,True,1532,УТ-00011415,Овация,Тарелка десертная Овация,dessert_plate,894,1490,белый,"18,5 см",фарфор,https://kultura-doma.ru/product/tarelka-desertnaya-ovaciya,https://kultura-doma.ru/public/src/images/gallery/catalog/69a59fe31bc63_big.jpg,https://kultura-doma.ru/public/src/images/gallery/catalog/69a59fe31bc63_big.jpg|https://kultura-doma.ru/public/src/images/gallery/catalog/699309e079356_big.jpg|https://kultura-doma.ru/public/src/images/gallery/catalog/6a3a732a78977_big.jpg|https://kultura-doma.ru/public/src/images/gallery/catalog/6a3a732ab493a_big.jpg,milk|white,textured|soft|modern
multicolor-garden,Многоцветный сад,neutral_plate,default,2,False,1533,УТ-00011416,Овация,Тарелка закусочная Овация,snack_plate,1314,2190,белый,"23,5 см",фарфор,https://kultura-doma.ru/product/tarelka-zakusochnaya-ovaciya,https://kultura-doma.ru/public/src/images/gallery/catalog/69a59ff7219ee_big.jpg,https://kultura-doma.ru/public/src/images/gallery/catalog/69a59ff7219ee_big.jpg|https://kultura-doma.ru/public/src/images/gallery/catalog/699309973b5c7_big.jpg|https://kultura-doma.ru/public/src/images/gallery/catalog/6a3a73220661d_big.jpg|https://kultura-doma.ru/public/src/images/gallery/catalog/6a3a732240b36_big.jpg,milk|white,textured|soft|modern
multicolor-garden,Многоцветный сад,neutral_plate,default,3,False,1562,УТ-00011432,Камея,Тарелка десертная Камея,dessert_plate,1673,2390,белый,"20,8 см",костяной фарфор,https://kultura-doma.ru/product/tarelka-desertnaya-kameya,https://kultura-doma.ru/public/src/images/gallery/catalog/6a3a73285a37b_big.jpg,https://kultura-doma.ru/public/src/images/gallery/catalog/6a3a73285a37b_big.jpg|https://kultura-doma.ru/public/src/images/gallery/catalog/69a5772a9dbd2_big.jpg,milk|white,classic|neutral|relief
multicolor-garden,Многоцветный сад,neutral_plate,default,4,False,1563,УТ-00011433,Камея,Тарелка закусочная Камея,snack_plate,2233,3190,белый,"23,5 см",костяной фарфор,https://kultura-doma.ru/product/tarelka-zakusochnaya-kameya,https://kultura-doma.ru/public/src/images/gallery/catalog/6a3a739923911_big.jpg,https://kultura-doma.ru/public/src/images/gallery/catalog/6a3a739923911_big.jpg|https://kultura-doma.ru/public/src/images/gallery/catalog/69a576f26a902_big.jpg,milk|white,classic|neutral|relief
white-classic,Белая классика,dinner_plate,required,1,True,1534,УТ-00011417,Овация,Тарелка обеденная Овация,dinner_plate,1794,2990,белый,"26,5 см",фарфор,https://kultura-doma.ru/product/tarelka-obedennaya-ovaciya,https://kultura-doma.ru/public/src/images/gallery/catalog/69cfd1dbd8788_big.jpg,https://kultura-doma.ru/public/src/images/gallery/catalog/69cfd1dbd8788_big.jpg|https://kultura-doma.ru/public/src/images/gallery/catalog/69cfd06a0b47c_big.jpg,milk|white,textured|soft|modern
white-classic,Белая классика,dinner_plate,required,2,False,1564,УТ-00011434,Камея,Тарелка обеденная Камея,dinner_plate,2793,3990,белый,"26,6 см",костяной фарфор,https://kultura-doma.ru/product/tarelka-obedennaya-kameya,https://kultura-doma.ru/public/src/images/gallery/catalog/6a06d76222d16_big.jpg,https://kultura-doma.ru/public/src/images/gallery/catalog/6a06d76222d16_big.jpg|https://kultura-doma.ru/public/src/images/gallery/catalog/69a576c56bb35_big.jpg,milk|white,classic|neutral|relief
white-classic,Белая классика,snack_plate,default,1,True,1532,УТ-00011415,Овация,Тарелка десертная Овация,dessert_plate,894,1490,белый,"18,5 см",фарфор,https://kultura-doma.ru/product/tarelka-desertnaya-ovaciya,https://kultura-doma.ru/public/src/images/gallery/catalog/69a59fe31bc63_big.jpg,https://kultura-doma.ru/public/src/images/gallery/catalog/69a59fe31bc63_big.jpg|https://kultura-doma.ru/public/src/images/gallery/catalog/699309e079356_big.jpg|https://kultura-doma.ru/public/src/images/gallery/catalog/6a3a732a78977_big.jpg|https://kultura-doma.ru/public/src/images/gallery/catalog/6a3a732ab493a_big.jpg,milk|white,textured|soft|modern
white-classic,Белая классика,snack_plate,default,2,False,1533,УТ-00011416,Овация,Тарелка закусочная Овация,snack_plate,1314,2190,белый,"23,5 см",фарфор,https://kultura-doma.ru/product/tarelka-zakusochnaya-ovaciya,https://kultura-doma.ru/public/src/images/gallery/catalog/69a59ff7219ee_big.jpg,https://kultura-doma.ru/public/src/images/gallery/catalog/69a59ff7219ee_big.jpg|https://kultura-doma.ru/public/src/images/gallery/catalog/699309973b5c7_big.jpg|https://kultura-doma.ru/public/src/images/gallery/catalog/6a3a73220661d_big.jpg|https://kultura-doma.ru/public/src/images/gallery/catalog/6a3a732240b36_big.jpg,milk|white,textured|soft|modern
white-classic,Белая классика,snack_plate,default,3,False,1562,УТ-00011432,Камея,Тарелка десертная Камея,dessert_plate,1673,2390,белый,"20,8 см",костяной фарфор,https://kultura-doma.ru/product/tarelka-desertnaya-kameya,https://kultura-doma.ru/public/src/images/gallery/catalog/6a3a73285a37b_big.jpg,https://kultura-doma.ru/public/src/images/gallery/catalog/6a3a73285a37b_big.jpg|https://kultura-doma.ru/public/src/images/gallery/catalog/69a5772a9dbd2_big.jpg,milk|white,classic|neutral|relief
white-classic,Белая классика,snack_plate,default,4,False,1563,УТ-00011433,Камея,Тарелка закусочная Камея,snack_plate,2233,3190,белый,"23,5 см",костяной фарфор,https://kultura-doma.ru/product/tarelka-zakusochnaya-kameya,https://kultura-doma.ru/public/src/images/gallery/catalog/6a3a739923911_big.jpg,https://kultura-doma.ru/public/src/images/gallery/catalog/6a3a739923911_big.jpg|https://kultura-doma.ru/public/src/images/gallery/catalog/69a576f26a902_big.jpg,milk|white,classic|neutral|relief
white-classic,Белая классика,tea_pair,default,1,True,1539,УТ-00011516,Овация,Кофейная пара Овация,coffee_pair,894,1490,белый,,фарфор,https://kultura-doma.ru/product/kofeynaya-para-ovaciya,https://kultura-doma.ru/public/src/images/gallery/catalog/6a394af98ba5b_big.jpg,https://kultura-doma.ru/public/src/images/gallery/catalog/6a394af98ba5b_big.jpg|https://kultura-doma.ru/public/src/images/gallery/catalog/699308df21c8f_big.jpg|https://kultura-doma.ru/public/src/images/gallery/catalog/69930fcc7d471_big.png,milk|white,textured|soft|modern
white-classic,Белая классика,tea_pair,default,2,False,1540,УТ-00011514,Овация,Чайная пара Овация,tea_pair,1194,1990,белый,,фарфор,https://kultura-doma.ru/product/chaynaya-para-ovaciya,https://kultura-doma.ru/public/src/images/gallery/catalog/6a394afacf9ef_big.jpg,https://kultura-doma.ru/public/src/images/gallery/catalog/6a394afacf9ef_big.jpg|https://kultura-doma.ru/public/src/images/gallery/catalog/699308d3be25c_big.jpg,milk|white,textured|soft|modern
white-classic,Белая классика,tea_pair,default,3,False,1557,УТ-00011518,Камея,Кофейная пара Камея,coffee_pair,1673,2390,белый,,костяной фарфор,https://kultura-doma.ru/product/kofeynaya-para-kameya,https://kultura-doma.ru/public/src/images/gallery/catalog/6a394af3ed506_big.jpg,https://kultura-doma.ru/public/src/images/gallery/catalog/6a394af3ed506_big.jpg|https://kultura-doma.ru/public/src/images/gallery/catalog/6a15ad989a8a5_big.jpg|https://kultura-doma.ru/public/src/images/gallery/catalog/6a394af3a736d_big.jpg|https://kultura-doma.ru/public/src/images/gallery/catalog/6a394af4453b5_big.jpg,milk|white,classic|neutral|relief
white-classic,Белая классика,tea_pair,default,4,False,1556,УТ-00011517,Камея,Чайная пара Камея,tea_pair,2233,3190,белый,,костяной фарфор,https://kultura-doma.ru/product/chaynaya-para-kameya,https://kultura-doma.ru/public/src/images/gallery/catalog/6a394af134502_big.jpg,https://kultura-doma.ru/public/src/images/gallery/catalog/6a394af134502_big.jpg|https://kultura-doma.ru/public/src/images/gallery/catalog/69a5760b0ab4b_big.jpg,milk|white,classic|neutral|relief
white-classic,Белая классика,serving_add_on,optional,1,True,1543,УТ-00011429,Овация,Молочник Овация,milk_jug,894,1490,белый,,фарфор,https://kultura-doma.ru/product/molochnik-ovaciya,https://kultura-doma.ru/public/src/images/gallery/catalog/6a394afd5391f_big.jpg,https://kultura-doma.ru/public/src/images/gallery/catalog/6a394afd5391f_big.jpg|https://kultura-doma.ru/public/src/images/gallery/catalog/699306866add5_big.jpg,milk|white,textured|soft|modern
white-classic,Белая классика,serving_add_on,optional,2,False,1559,УТ-00011449,Камея,Салатник Камея,salad_bowl,903,1290,белый,,костяной фарфор,https://kultura-doma.ru/product/salatnik-kameya,https://kultura-doma.ru/public/src/images/gallery/catalog/6a3a85f308820_big.jpg,https://kultura-doma.ru/public/src/images/gallery/catalog/6a3a85f308820_big.jpg|https://kultura-doma.ru/public/src/images/gallery/catalog/69a5751851cd4_big.jpg,milk|white,classic|neutral|relief
white-classic,Белая классика,serving_add_on,optional,3,False,1537,УТ-00011420,Овация,Салатник порционный Овация,salad_bowl,954,1590,белый,16 см,фарфор,https://kultura-doma.ru/product/salatnik-porcionnyy-ovaciya,https://kultura-doma.ru/public/src/images/gallery/catalog/6a3a8620ea07f_big.jpg,https://kultura-doma.ru/public/src/images/gallery/catalog/6a3a8620ea07f_big.jpg|https://kultura-doma.ru/public/src/images/gallery/catalog/69958bb93c88e_big.jpg,milk|white,textured|soft|modern
white-classic,Белая классика,serving_add_on,optional,4,False,1544,УТ-00011430,Овация,Сахарница Овация,sugar_bowl,954,1590,белый,,фарфор,https://kultura-doma.ru/product/saharnica-ovaciya,https://kultura-doma.ru/public/src/images/gallery/catalog/6a394afe9c244_big.jpg,https://kultura-doma.ru/public/src/images/gallery/catalog/6a394afe9c244_big.jpg|https://kultura-doma.ru/public/src/images/gallery/catalog/6993066f183f9_big.jpg,milk|white,textured|soft|modern
white-classic,Белая классика,serving_add_on,optional,5,False,1554,УТ-00011441,Камея,Молочник Камея,milk_jug,1673,2390,белый,,костяной фарфор,https://kultura-doma.ru/product/molochnik-kameya,https://kultura-doma.ru/public/src/images/gallery/catalog/6a394aeea5edf_big.jpg,https://kultura-doma.ru/public/src/images/gallery/catalog/6a394aeea5edf_big.jpg|https://kultura-doma.ru/public/src/images/gallery/catalog/6a15ad53ba204_big.jpg|https://kultura-doma.ru/public/src/images/gallery/catalog/69a5765de48a1_big.jpg,milk|white,classic|neutral|relief
white-classic,Белая классика,serving_add_on,optional,6,False,1538,УТ-00011421,Овация,Салатник Овация,salad_bowl,1794,2990,белый,21 см,фарфор,https://kultura-doma.ru/product/salatnik-ovaciya,https://kultura-doma.ru/public/src/images/gallery/catalog/6a3a861013057_big.jpg,https://kultura-doma.ru/public/src/images/gallery/catalog/6a3a861013057_big.jpg,milk|white,textured|soft|modern
white-classic,Белая классика,serving_add_on,optional,7,False,1536,УТ-00011419,Овация,Блюдо овальное Овация,serving_dish,2154,3590,белый,"36х25,5 см",фарфор,https://kultura-doma.ru/product/blyudo-oval-noe-ovaciya,https://kultura-doma.ru/public/src/images/gallery/catalog/6a3a77ab1a012_big.jpg,https://kultura-doma.ru/public/src/images/gallery/catalog/6a3a77ab1a012_big.jpg,milk|white,textured|soft|modern
white-classic,Белая классика,serving_add_on,optional,8,False,1552,УТ-00011436,Камея,Блюдо овальное Камея,serving_dish,2233,3190,белый,25х18 см,костяной фарфор,https://kultura-doma.ru/product/blyudo-oval-noe-kameya,https://kultura-doma.ru/public/src/images/gallery/catalog/6a3a77a9a9ef4_big.jpg,https://kultura-doma.ru/public/src/images/gallery/catalog/6a3a77a9a9ef4_big.jpg|https://kultura-doma.ru/public/src/images/gallery/catalog/69a575b5c5163_big.jpg,milk|white,classic|neutral|relief
white-classic,Белая классика,serving_add_on,optional,9,False,1542,УТ-00011428,Овация,Чайник Овация,teapot,2394,3990,белый,,фарфор,https://kultura-doma.ru/product/chaynik-ovaciya,https://kultura-doma.ru/public/src/images/gallery/catalog/6a394afc1ae84_big.jpg,https://kultura-doma.ru/public/src/images/gallery/catalog/6a394afc1ae84_big.jpg|https://kultura-doma.ru/public/src/images/gallery/catalog/699306910d923_big.jpg,milk|white,textured|soft|modern
white-classic,Белая классика,serving_add_on,optional,10,False,1561,УТ-00011440,Камея,Сахарница Камея,sugar_bowl,2513,3590,белый,,костяной фарфор,https://kultura-doma.ru/product/saharnica-kameya,https://kultura-doma.ru/public/src/images/gallery/catalog/6a394af59a5dc_big.jpg,https://kultura-doma.ru/public/src/images/gallery/catalog/6a394af59a5dc_big.jpg|https://kultura-doma.ru/public/src/images/gallery/catalog/6a15aede2722f_big.jpg,milk|white,classic|neutral|relief
white-classic,Белая классика,serving_add_on,optional,11,False,1560,УТ-00011450,Камея,Салатник Камея,salad_bowl,3283,4690,белый,20 см,костяной фарфор,https://kultura-doma.ru/product/salatnik-kameya-1560,https://kultura-doma.ru/public/src/images/gallery/catalog/6a3a861165ce4_big.jpg,https://kultura-doma.ru/public/src/images/gallery/catalog/6a3a861165ce4_big.jpg|https://kultura-doma.ru/public/src/images/gallery/catalog/6a15afd9285dd_big.jpg,milk|white,classic|neutral|relief
white-classic,Белая классика,serving_add_on,optional,12,False,1553,УТ-00011437,Камея,Блюдо овальное Камея,serving_dish,4473,6390,белый,36х26 см,костяной фарфор,https://kultura-doma.ru/product/blyudo-oval-noe-kameya-1553,https://kultura-doma.ru/public/src/images/gallery/catalog/6a3a77a832033_big.jpg,https://kultura-doma.ru/public/src/images/gallery/catalog/6a3a77a832033_big.jpg|https://kultura-doma.ru/public/src/images/gallery/catalog/69a575cbeca53_big.jpg,milk|white,classic|neutral|relief
white-classic,Белая классика,serving_add_on,optional,13,False,1568,УТ-00011439,Камея,Чайник заварочный Камея,teapot,4473,6390,белый,,костяной фарфор,https://kultura-doma.ru/product/chaynik-zavarochnyy-kameya-1568,https://kultura-doma.ru/public/src/images/gallery/catalog/6a394af835e91_big.jpg,https://kultura-doma.ru/public/src/images/gallery/catalog/6a394af835e91_big.jpg|https://kultura-doma.ru/public/src/images/gallery/catalog/699d71e583d98_big.jpg,milk|white,classic|neutral|relief
white-classic,Белая классика,serving_add_on,optional,14,False,1567,УТ-00011438,Камея,Чайник заварочный Камея,teapot,5593,7990,белый,,костяной фарфор,https://kultura-doma.ru/product/chaynik-zavarochnyy-kameya,https://kultura-doma.ru/public/src/images/gallery/catalog/6a50b12627f2e_big.jpg,https://kultura-doma.ru/public/src/images/gallery/catalog/6a50b12627f2e_big.jpg|https://kultura-doma.ru/public/src/images/gallery/catalog/699f11c473620_big.jpg,milk|white,classic|neutral|relief
crystal-evening,Свет Росы,white_base,optional,1,True,1532,УТ-00011415,Овация,Тарелка десертная Овация,dessert_plate,894,1490,белый,"18,5 см",фарфор,https://kultura-doma.ru/product/tarelka-desertnaya-ovaciya,https://kultura-doma.ru/public/src/images/gallery/catalog/69a59fe31bc63_big.jpg,https://kultura-doma.ru/public/src/images/gallery/catalog/69a59fe31bc63_big.jpg|https://kultura-doma.ru/public/src/images/gallery/catalog/699309e079356_big.jpg|https://kultura-doma.ru/public/src/images/gallery/catalog/6a3a732a78977_big.jpg|https://kultura-doma.ru/public/src/images/gallery/catalog/6a3a732ab493a_big.jpg,milk|white,textured|soft|modern
crystal-evening,Свет Росы,white_base,optional,2,False,1562,УТ-00011432,Камея,Тарелка десертная Камея,dessert_plate,1673,2390,белый,"20,8 см",костяной фарфор,https://kultura-doma.ru/product/tarelka-desertnaya-kameya,https://kultura-doma.ru/public/src/images/gallery/catalog/6a3a73285a37b_big.jpg,https://kultura-doma.ru/public/src/images/gallery/catalog/6a3a73285a37b_big.jpg|https://kultura-doma.ru/public/src/images/gallery/catalog/69a5772a9dbd2_big.jpg,milk|white,classic|neutral|relief
crystal-evening,Свет Росы,white_base,optional,3,False,1534,УТ-00011417,Овация,Тарелка обеденная Овация,dinner_plate,1794,2990,белый,"26,5 см",фарфор,https://kultura-doma.ru/product/tarelka-obedennaya-ovaciya,https://kultura-doma.ru/public/src/images/gallery/catalog/69cfd1dbd8788_big.jpg,https://kultura-doma.ru/public/src/images/gallery/catalog/69cfd1dbd8788_big.jpg|https://kultura-doma.ru/public/src/images/gallery/catalog/69cfd06a0b47c_big.jpg,milk|white,textured|soft|modern
crystal-evening,Свет Росы,white_base,optional,4,False,1536,УТ-00011419,Овация,Блюдо овальное Овация,serving_dish,2154,3590,белый,"36х25,5 см",фарфор,https://kultura-doma.ru/product/blyudo-oval-noe-ovaciya,https://kultura-doma.ru/public/src/images/gallery/catalog/6a3a77ab1a012_big.jpg,https://kultura-doma.ru/public/src/images/gallery/catalog/6a3a77ab1a012_big.jpg,milk|white,textured|soft|modern
crystal-evening,Свет Росы,white_base,optional,5,False,1552,УТ-00011436,Камея,Блюдо овальное Камея,serving_dish,2233,3190,белый,25х18 см,костяной фарфор,https://kultura-doma.ru/product/blyudo-oval-noe-kameya,https://kultura-doma.ru/public/src/images/gallery/catalog/6a3a77a9a9ef4_big.jpg,https://kultura-doma.ru/public/src/images/gallery/catalog/6a3a77a9a9ef4_big.jpg|https://kultura-doma.ru/public/src/images/gallery/catalog/69a575b5c5163_big.jpg,milk|white,classic|neutral|relief
crystal-evening,Свет Росы,white_base,optional,6,False,1564,УТ-00011434,Камея,Тарелка обеденная Камея,dinner_plate,2793,3990,белый,"26,6 см",костяной фарфор,https://kultura-doma.ru/product/tarelka-obedennaya-kameya,https://kultura-doma.ru/public/src/images/gallery/catalog/6a06d76222d16_big.jpg,https://kultura-doma.ru/public/src/images/gallery/catalog/6a06d76222d16_big.jpg|https://kultura-doma.ru/public/src/images/gallery/catalog/69a576c56bb35_big.jpg,milk|white,classic|neutral|relief
crystal-evening,Свет Росы,white_base,optional,7,False,1553,УТ-00011437,Камея,Блюдо овальное Камея,serving_dish,4473,6390,белый,36х26 см,костяной фарфор,https://kultura-doma.ru/product/blyudo-oval-noe-kameya-1553,https://kultura-doma.ru/public/src/images/gallery/catalog/6a3a77a832033_big.jpg,https://kultura-doma.ru/public/src/images/gallery/catalog/6a3a77a832033_big.jpg|https://kultura-doma.ru/public/src/images/gallery/catalog/69a575cbeca53_big.jpg,milk|white,classic|neutral|relief
blue-hour-bedroom,Голубой час,bedding,required,1,True,1672,УТ-00010376,Нити времени,Комплект постельного белья Нити времени,bedding_set,16450,32900,голубой,Кинг-сайз (220х240 см),,https://kultura-doma.ru/product/komplekt-postel-nogo-bel-ya-niti-vremeni,https://kultura-doma.ru/public/src/images/gallery/catalog/69b3ce622cf37_big.jpg,https://kultura-doma.ru/public/src/images/gallery/catalog/69b3ce622cf37_big.jpg|https://kultura-doma.ru/public/src/images/gallery/catalog/6a301296b0873_big.jpg|https://kultura-doma.ru/public/src/images/gallery/catalog/6a301296ec6aa_big.jpg|https://kultura-doma.ru/public/src/images/gallery/catalog/69b3ce6279e3e_big.jpg|https://kultura-doma.ru/public/src/images/gallery/catalog/69b3ce6240ee2_big.jpg|https://kultura-doma.ru/public/src/images/gallery/catalog/69b3ce625354d_big.jpg|https://kultura-doma.ru/public/src/images/gallery/catalog/69b3ce62666bc_big.jpg|https://kultura-doma.ru/public/src/images/gallery/catalog/69b3ce628e23a_big.jpg|https://kultura-doma.ru/public/src/images/gallery/catalog/69b3ce62a2855_big.jpg,blue|milk|gold,fairytale|blue|ornamental
blue-hour-bedroom,Голубой час,bedding,required,2,False,1671,УТ-00010375,Тайна острова Буяна,Комплект постельного белья Тайна острова Буяна,bedding_set,16450,32900,голубой,Кинг-сайз (220х240 см),,https://kultura-doma.ru/product/komplekt-postel-nogo-bel-ya-tayna-ostrova-buyana,https://kultura-doma.ru/public/src/images/gallery/catalog/69b3ce485dc4b_big.jpg,https://kultura-doma.ru/public/src/images/gallery/catalog/69b3ce485dc4b_big.jpg|https://kultura-doma.ru/public/src/images/gallery/catalog/6a3012b3dc349_big.jpg|https://kultura-doma.ru/public/src/images/gallery/catalog/6a3012b42c2d2_big.jpg|https://kultura-doma.ru/public/src/images/gallery/catalog/69b3ce4887625_big.jpg|https://kultura-doma.ru/public/src/images/gallery/catalog/69b3ce48364d9_big.jpg|https://kultura-doma.ru/public/src/images/gallery/catalog/69b3ce4849f4e_big.jpg|https://kultura-doma.ru/public/src/images/gallery/catalog/69b3ce4873591_big.jpg|https://kultura-doma.ru/public/src/images/gallery/catalog/69b3ce489f253_big.jpg,blue|milk|gold,fairytale|folklore|statement
blue-hour-bedroom,Голубой час,bedding,required,3,False,1684,УТ-00011096,Обереги,Комплект постельного белья Обереги,bedding_set,20900,,синий,Полуторный (145х200 см),тенсель,https://kultura-doma.ru/product/komplekt-postel-nogo-bel-ya-oberegi,https://kultura-doma.ru/public/src/images/gallery/catalog/6a34f7959c901_big.jpg,https://kultura-doma.ru/public/src/images/gallery/catalog/6a34f7959c901_big.jpg|https://kultura-doma.ru/public/src/images/gallery/catalog/6a34f799c3bc3_big.jpg|https://kultura-doma.ru/public/src/images/gallery/catalog/6a34f79a31280_big.jpg|https://kultura-doma.ru/public/src/images/gallery/catalog/6a34f79787a27_big.jpg|https://kultura-doma.ru/public/src/images/gallery/catalog/6a34f795e6391_big.jpg|https://kultura-doma.ru/public/src/images/gallery/catalog/6a34f7969f259_big.jpg|https://kultura-doma.ru/public/src/images/gallery/catalog/6a34f79720cb3_big.jpg|https://kultura-doma.ru/public/src/images/gallery/catalog/6a34f79842bed_big.jpg|https://kultura-doma.ru/public/src/images/gallery/catalog/6a34f7991d132_big.jpg|https://kultura-doma.ru/public/src/images/gallery/catalog/6a34f797ddced_big.jpg,milk|blue,quiet|delicate|protective
blue-hour-bedroom,Голубой час,bedding,required,4,False,1684-2508,УТ-00011095,Обереги,Комплект постельного белья Обереги: Евро,bedding_set,25900,,синий,Евро (200х220 см),тенсель,https://kultura-doma.ru/product/komplekt-postel-nogo-bel-ya-oberegi-size-evro-2508,https://kultura-doma.ru/public/src/images/gallery/catalog/6a34f7959c901_big.jpg,https://kultura-doma.ru/public/src/images/gallery/catalog/6a34f7959c901_big.jpg|https://kultura-doma.ru/public/src/images/gallery/catalog/6a34f799c3bc3_big.jpg|https://kultura-doma.ru/public/src/images/gallery/catalog/6a34f79a31280_big.jpg|https://kultura-doma.ru/public/src/images/gallery/catalog/6a34f79787a27_big.jpg|https://kultura-doma.ru/public/src/images/gallery/catalog/6a34f795e6391_big.jpg|https://kultura-doma.ru/public/src/images/gallery/catalog/6a34f7969f259_big.jpg|https://kultura-doma.ru/public/src/images/gallery/catalog/6a34f79720cb3_big.jpg|https://kultura-doma.ru/public/src/images/gallery/catalog/6a34f79842bed_big.jpg|https://kultura-doma.ru/public/src/images/gallery/catalog/6a34f7991d132_big.jpg|https://kultura-doma.ru/public/src/images/gallery/catalog/6a34f797ddced_big.jpg,milk|blue,quiet|delicate|protective
blue-hour-bedroom,Голубой час,bedding,required,5,False,1684-2433,УТ-00011096,Обереги,Комплект постельного белья Обереги: Кинг-сайз,bedding_set,28900,,синий,Кинг-сайз (220х240 см),тенсель,https://kultura-doma.ru/product/komplekt-postel-nogo-bel-ya-oberegi-size-kingsayz,https://kultura-doma.ru/public/src/images/gallery/catalog/6a34f7959c901_big.jpg,https://kultura-doma.ru/public/src/images/gallery/catalog/6a34f7959c901_big.jpg|https://kultura-doma.ru/public/src/images/gallery/catalog/6a34f799c3bc3_big.jpg|https://kultura-doma.ru/public/src/images/gallery/catalog/6a34f79a31280_big.jpg|https://kultura-doma.ru/public/src/images/gallery/catalog/6a34f79787a27_big.jpg|https://kultura-doma.ru/public/src/images/gallery/catalog/6a34f795e6391_big.jpg|https://kultura-doma.ru/public/src/images/gallery/catalog/6a34f7969f259_big.jpg|https://kultura-doma.ru/public/src/images/gallery/catalog/6a34f79720cb3_big.jpg|https://kultura-doma.ru/public/src/images/gallery/catalog/6a34f79842bed_big.jpg|https://kultura-doma.ru/public/src/images/gallery/catalog/6a34f7991d132_big.jpg|https://kultura-doma.ru/public/src/images/gallery/catalog/6a34f797ddced_big.jpg,milk|blue,quiet|delicate|protective
blue-hour-bedroom,Голубой час,bedding,required,6,False,1684-2434,УТ-00011097,Обереги,Комплект постельного белья Обереги: Семейный,bedding_set,31900,,синий,Семейный (145х200 см х 2 шт),тенсель,https://kultura-doma.ru/product/komplekt-postel-nogo-bel-ya-oberegi-size-semeynyy,https://kultura-doma.ru/public/src/images/gallery/catalog/6a34f7959c901_big.jpg,https://kultura-doma.ru/public/src/images/gallery/catalog/6a34f7959c901_big.jpg|https://kultura-doma.ru/public/src/images/gallery/catalog/6a34f799c3bc3_big.jpg|https://kultura-doma.ru/public/src/images/gallery/catalog/6a34f79a31280_big.jpg|https://kultura-doma.ru/public/src/images/gallery/catalog/6a34f79787a27_big.jpg|https://kultura-doma.ru/public/src/images/gallery/catalog/6a34f795e6391_big.jpg|https://kultura-doma.ru/public/src/images/gallery/catalog/6a34f7969f259_big.jpg|https://kultura-doma.ru/public/src/images/gallery/catalog/6a34f79720cb3_big.jpg|https://kultura-doma.ru/public/src/images/gallery/catalog/6a34f79842bed_big.jpg|https://kultura-doma.ru/public/src/images/gallery/catalog/6a34f7991d132_big.jpg|https://kultura-doma.ru/public/src/images/gallery/catalog/6a34f797ddced_big.jpg,milk|blue,quiet|delicate|protective
blue-hour-bedroom,Голубой час,bedding,required,7,False,1763,УТ-00011718,Голубые цветы,Комплект постельного белья Наследие,bedding_set,32900,,голубой,Евро (200х220 см),сатин,https://kultura-doma.ru/product/komplekt-postel-nogo-bel-ya-nasledie,https://kultura-doma.ru/public/src/images/gallery/catalog/6a1eeda008393_big.jpg,https://kultura-doma.ru/public/src/images/gallery/catalog/6a1eeda008393_big.jpg|https://kultura-doma.ru/public/src/images/gallery/catalog/6a328c9108fea_big.jpg|https://kultura-doma.ru/public/src/images/gallery/catalog/6a0c5666d3759_big.jpg|https://kultura-doma.ru/public/src/images/gallery/catalog/6a328c9166a69_big.jpg|https://kultura-doma.ru/public/src/images/gallery/catalog/6a140861baa54_big.jpg|https://kultura-doma.ru/public/src/images/gallery/catalog/6a140861d2489_big.jpg|https://kultura-doma.ru/public/src/images/gallery/catalog/6a328c91b9b4c_big.jpg|https://kultura-doma.ru/public/src/images/gallery/catalog/6a328c92d029f_big.jpg|https://kultura-doma.ru/public/src/images/gallery/catalog/6a328c93260c1_big.jpg|https://kultura-doma.ru/public/src/images/gallery/catalog/6a328c92206de_big.jpg,milk|blue|green,floral|botanical|soft
blue-hour-bedroom,Голубой час,bedding,required,8,False,1761,УТ-00011721,Голубые цветы,Комплект постельного белья Небесный,bedding_set,34900,,голубой,Евро (200х220 см),сатин,https://kultura-doma.ru/product/komplekt-postel-nogo-bel-ya-nebesnyy,https://kultura-doma.ru/public/src/images/gallery/catalog/6a1eed82e6244_big.jpg,https://kultura-doma.ru/public/src/images/gallery/catalog/6a1eed82e6244_big.jpg|https://kultura-doma.ru/public/src/images/gallery/catalog/6a3507e073ed9_big.jpg|https://kultura-doma.ru/public/src/images/gallery/catalog/6a0c550a6033b_big.jpg|https://kultura-doma.ru/public/src/images/gallery/catalog/6a3507e0b33dc_big.jpg|https://kultura-doma.ru/public/src/images/gallery/catalog/6a0c550aa0ba2_big.jpg|https://kultura-doma.ru/public/src/images/gallery/catalog/6a3507e108ed5_big.jpg|https://kultura-doma.ru/public/src/images/gallery/catalog/6a3507e189f56_big.jpg|https://kultura-doma.ru/public/src/images/gallery/catalog/6a3507e2a886b_big.jpg|https://kultura-doma.ru/public/src/images/gallery/catalog/6a3507e148b91_big.jpg|https://kultura-doma.ru/public/src/images/gallery/catalog/6a3507e0236eb_big.jpg,milk|blue|green,floral|botanical|soft
blue-hour-bedroom,Голубой час,bedding,required,9,False,1763-2513,УТ-00011719,Голубые цветы,Комплект постельного белья Наследие: Кинг-сайз,bedding_set,35900,,голубой,Кинг-сайз (220х240 см),сатин,https://kultura-doma.ru/product/komplekt-postel-nogo-bel-ya-nasledie-size-kingsayz-2513,https://kultura-doma.ru/public/src/images/gallery/catalog/6a1eeda008393_big.jpg,https://kultura-doma.ru/public/src/images/gallery/catalog/6a1eeda008393_big.jpg|https://kultura-doma.ru/public/src/images/gallery/catalog/6a328c9108fea_big.jpg|https://kultura-doma.ru/public/src/images/gallery/catalog/6a0c5666d3759_big.jpg|https://kultura-doma.ru/public/src/images/gallery/catalog/6a328c9166a69_big.jpg|https://kultura-doma.ru/public/src/images/gallery/catalog/6a140861baa54_big.jpg|https://kultura-doma.ru/public/src/images/gallery/catalog/6a140861d2489_big.jpg|https://kultura-doma.ru/public/src/images/gallery/catalog/6a328c91b9b4c_big.jpg|https://kultura-doma.ru/public/src/images/gallery/catalog/6a328c92d029f_big.jpg|https://kultura-doma.ru/public/src/images/gallery/catalog/6a328c93260c1_big.jpg|https://kultura-doma.ru/public/src/images/gallery/catalog/6a328c92206de_big.jpg,milk|blue|green,floral|botanical|soft
blue-hour-bedroom,Голубой час,bedding,required,10,False,1763-2194,УТ-00011720,Голубые цветы,Комплект постельного белья Наследие: Семейный,bedding_set,36900,,голубой,Семейный (145х200 см х 2 шт),сатин,https://kultura-doma.ru/product/komplekt-postel-nogo-bel-ya-nasledie-size-semeynyy,https://kultura-doma.ru/public/src/images/gallery/catalog/6a1eeda008393_big.jpg,https://kultura-doma.ru/public/src/images/gallery/catalog/6a1eeda008393_big.jpg|https://kultura-doma.ru/public/src/images/gallery/catalog/6a328c9108fea_big.jpg|https://kultura-doma.ru/public/src/images/gallery/catalog/6a0c5666d3759_big.jpg|https://kultura-doma.ru/public/src/images/gallery/catalog/6a328c9166a69_big.jpg|https://kultura-doma.ru/public/src/images/gallery/catalog/6a140861baa54_big.jpg|https://kultura-doma.ru/public/src/images/gallery/catalog/6a140861d2489_big.jpg|https://kultura-doma.ru/public/src/images/gallery/catalog/6a328c91b9b4c_big.jpg|https://kultura-doma.ru/public/src/images/gallery/catalog/6a328c92d029f_big.jpg|https://kultura-doma.ru/public/src/images/gallery/catalog/6a328c93260c1_big.jpg|https://kultura-doma.ru/public/src/images/gallery/catalog/6a328c92206de_big.jpg,milk|blue|green,floral|botanical|soft
blue-hour-bedroom,Голубой час,bedding,required,11,False,1761-2511,УТ-00011722,Голубые цветы,Комплект постельного белья Небесный: Кинг-сайз,bedding_set,36900,,голубой,Кинг-сайз (220х240 см),сатин,https://kultura-doma.ru/product/komplekt-postel-nogo-bel-ya-nebesnyy-size-kingsayz-2511,https://kultura-doma.ru/public/src/images/gallery/catalog/6a1eed82e6244_big.jpg,https://kultura-doma.ru/public/src/images/gallery/catalog/6a1eed82e6244_big.jpg|https://kultura-doma.ru/public/src/images/gallery/catalog/6a3507e073ed9_big.jpg|https://kultura-doma.ru/public/src/images/gallery/catalog/6a0c550a6033b_big.jpg|https://kultura-doma.ru/public/src/images/gallery/catalog/6a3507e0b33dc_big.jpg|https://kultura-doma.ru/public/src/images/gallery/catalog/6a0c550aa0ba2_big.jpg|https://kultura-doma.ru/public/src/images/gallery/catalog/6a3507e108ed5_big.jpg|https://kultura-doma.ru/public/src/images/gallery/catalog/6a3507e189f56_big.jpg|https://kultura-doma.ru/public/src/images/gallery/catalog/6a3507e2a886b_big.jpg|https://kultura-doma.ru/public/src/images/gallery/catalog/6a3507e148b91_big.jpg|https://kultura-doma.ru/public/src/images/gallery/catalog/6a3507e0236eb_big.jpg,milk|blue|green,floral|botanical|soft
blue-hour-bedroom,Голубой час,bedding,required,12,False,1761-2190,УТ-00011723,Голубые цветы,Комплект постельного белья Небесный: Семейный,bedding_set,39900,,голубой,Семейный (145х200 см х 2 шт),сатин,https://kultura-doma.ru/product/komplekt-postel-nogo-bel-ya-nebesnyy-size-semeynyy,https://kultura-doma.ru/public/src/images/gallery/catalog/6a1eed82e6244_big.jpg,https://kultura-doma.ru/public/src/images/gallery/catalog/6a1eed82e6244_big.jpg|https://kultura-doma.ru/public/src/images/gallery/catalog/6a3507e073ed9_big.jpg|https://kultura-doma.ru/public/src/images/gallery/catalog/6a0c550a6033b_big.jpg|https://kultura-doma.ru/public/src/images/gallery/catalog/6a3507e0b33dc_big.jpg|https://kultura-doma.ru/public/src/images/gallery/catalog/6a0c550aa0ba2_big.jpg|https://kultura-doma.ru/public/src/images/gallery/catalog/6a3507e108ed5_big.jpg|https://kultura-doma.ru/public/src/images/gallery/catalog/6a3507e189f56_big.jpg|https://kultura-doma.ru/public/src/images/gallery/catalog/6a3507e2a886b_big.jpg|https://kultura-doma.ru/public/src/images/gallery/catalog/6a3507e148b91_big.jpg|https://kultura-doma.ru/public/src/images/gallery/catalog/6a3507e0236eb_big.jpg,milk|blue|green,floral|botanical|soft
blue-hour-bedroom,Голубой час,pillow,default,1,True,1272,УТ-00010599,Нити времени,Подушка декоративная Нити времени,decorative_pillow,2745,5490,голубой,45х45 см,,https://kultura-doma.ru/product/podushka-dekorativnaya-niti-vremeni,https://kultura-doma.ru/public/src/images/gallery/catalog/assets/images/69e5d18433139_big__83f18d3de5.jpg,https://kultura-doma.ru/public/src/images/gallery/catalog/assets/images/69e5d18433139_big__83f18d3de5.jpg|https://kultura-doma.ru/public/src/images/gallery/catalog/68e669d46c745_big.jpg|https://kultura-doma.ru/public/src/images/gallery/catalog/68e61cd4aadc6_big.jpg,blue|milk|gold,fairytale|blue|ornamental
blue-hour-bedroom,Голубой час,pillow,default,2,False,1355,УТ-00010600,Нити времени,Подушка декоративная Нити времени,decorative_pillow,3450,6900,бежевый,30х90 см,,https://kultura-doma.ru/product/podushka-dekorativnaya-niti-vremeni-1355,https://kultura-doma.ru/public/src/images/gallery/catalog/69e5d0198bf5b_big.jpg,https://kultura-doma.ru/public/src/images/gallery/catalog/69e5d0198bf5b_big.jpg|https://kultura-doma.ru/public/src/images/gallery/catalog/693fda2571356_big.jpg|https://kultura-doma.ru/public/src/images/gallery/catalog/693fda1f70c58_big.jpg|https://kultura-doma.ru/public/src/images/gallery/catalog/69e5d0193e49f_big.jpg,blue|milk|gold,fairytale|blue|ornamental
blue-hour-bedroom,Голубой час,pillow,default,3,False,1777,УТ-00012243,Голубые цветы,Подушка декоративная Геометрия льна,decorative_pillow,4990,,бежевый,45х45 см,,https://kultura-doma.ru/product/podushka-dekorativnaya-geometriya-l-na,https://kultura-doma.ru/public/src/images/gallery/catalog/6a479d3219bfd_big.jpg,https://kultura-doma.ru/public/src/images/gallery/catalog/6a479d3219bfd_big.jpg|https://kultura-doma.ru/public/src/images/gallery/catalog/6a1066e8c4f5f_big.jpg,milk|blue|green,floral|botanical|soft
blue-hour-bedroom,Голубой час,pillow,default,4,False,1778,УТ-00012239,Голубые цветы,Подушка декоративная Наследие,decorative_pillow,5990,,бежевый,45х45 см,,https://kultura-doma.ru/product/podushka-dekorativnaya-nasledie,https://kultura-doma.ru/public/src/images/gallery/catalog/6a479d5c89a3e_big.jpg,https://kultura-doma.ru/public/src/images/gallery/catalog/6a479d5c89a3e_big.jpg|https://kultura-doma.ru/public/src/images/gallery/catalog/6a1066cb8259a_big.jpg|https://kultura-doma.ru/public/src/images/gallery/catalog/6a106583843f3_big.jpg|https://kultura-doma.ru/public/src/images/gallery/catalog/6a10658599aaf_big.jpg,milk|blue|green,floral|botanical|soft
blue-hour-bedroom,Голубой час,pillow,default,5,False,1764,УТ-00011976,Голубые цветы,Набор Наволочек Наследие,pillowcase_set,6990,,голубой,70х70 см,сатин,https://kultura-doma.ru/product/nabor-navolochek-nasledie,https://kultura-doma.ru/public/src/images/gallery/catalog/6a26d3976976f_big.jpg,https://kultura-doma.ru/public/src/images/gallery/catalog/6a26d3976976f_big.jpg|https://kultura-doma.ru/public/src/images/gallery/catalog/6a0c57a90e324_big.jpg|https://kultura-doma.ru/public/src/images/gallery/catalog/6a26d397b693e_big.jpg,milk|blue|green,floral|botanical|soft
blue-hour-bedroom,Голубой час,pillow,default,6,False,1762,УТ-00012251,Голубые цветы,Набор наволочек Небесный,pillowcase_set,6990,,голубой,70х70 см,сатин,https://kultura-doma.ru/product/nabor-navolochek-nebesnyy,https://kultura-doma.ru/public/src/images/gallery/catalog/6a574f1c345cc_big.jpg,https://kultura-doma.ru/public/src/images/gallery/catalog/6a574f1c345cc_big.jpg|https://kultura-doma.ru/public/src/images/gallery/catalog/6a0c55b30cd3a_big.jpg|https://kultura-doma.ru/public/src/images/gallery/catalog/6a574f1c83b32_big.jpg,milk|blue|green,floral|botanical|soft
blue-hour-bedroom,Голубой час,pillow,default,7,False,1293,УТ-00010786,Оренбургские узоры,Подушка декоративная Пушица,decorative_pillow,9900,,экрю,45х45 см,,https://kultura-doma.ru/product/podushka-dekorativnaya-pushica,https://kultura-doma.ru/public/src/images/gallery/catalog/6a5f32cbe9c39_big.jpg,https://kultura-doma.ru/public/src/images/gallery/catalog/6a5f32cbe9c39_big.jpg|https://kultura-doma.ru/public/src/images/gallery/catalog/691b2ec29cf5f_big.jpg|https://kultura-doma.ru/public/src/images/gallery/catalog/6a5f32cb8eec4_big.jpg,milk|blue|beige|pink|black,lace|tactile|soft
blue-hour-bedroom,Голубой час,pillow,default,8,False,1296,УТ-00010788,Оренбургские узоры,Подушка декоративная Пушица,decorative_pillow,9900,,бежевый,45х45 см,,https://kultura-doma.ru/product/podushka-dekorativnaya-pushica-1296,https://kultura-doma.ru/public/src/images/gallery/catalog/assets/images/6a06bfda73687_big__8998700bde.jpg,https://kultura-doma.ru/public/src/images/gallery/catalog/assets/images/6a06bfda73687_big__8998700bde.jpg|https://kultura-doma.ru/public/src/images/gallery/catalog/691b30c11c860_big.jpg|https://kultura-doma.ru/public/src/images/gallery/catalog/6a5f327e12e2a_big.jpg,milk|blue|beige|pink|black,lace|tactile|soft
blue-hour-bedroom,Голубой час,pillow,default,9,False,1295,УТ-00010787,Оренбургские узоры,Подушка декоративная Пушица,decorative_pillow,9900,,голубой,45х45 см,,https://kultura-doma.ru/product/podushka-dekorativnaya-pushica-1295,https://kultura-doma.ru/public/src/images/gallery/catalog/assets/images/6a5f322580c1f_big__057264d6b7.jpg,https://kultura-doma.ru/public/src/images/gallery/catalog/assets/images/6a5f322580c1f_big__057264d6b7.jpg|https://kultura-doma.ru/public/src/images/gallery/catalog/691b2effe84ad_big.jpg|https://kultura-doma.ru/public/src/images/gallery/catalog/6a5f322538408_big.jpg,milk|blue|beige|pink|black,lace|tactile|soft
blue-hour-bedroom,Голубой час,pillow,default,10,False,1294,УТ-00010789,Оренбургские узоры,Подушка декоративная Пушица,decorative_pillow,9900,,розовый,45х45 см,,https://kultura-doma.ru/product/podushka-dekorativnaya-pushica-1294,https://kultura-doma.ru/public/src/images/gallery/catalog/assets/images/6a5f329c43e35_big__c398de7e12.jpg,https://kultura-doma.ru/public/src/images/gallery/catalog/assets/images/6a5f329c43e35_big__c398de7e12.jpg|https://kultura-doma.ru/public/src/images/gallery/catalog/691b2ed8ad532_big.jpg|https://kultura-doma.ru/public/src/images/gallery/catalog/6a5f329bdfebe_big.jpg,milk|blue|beige|pink|black,lace|tactile|soft
blue-hour-bedroom,Голубой час,throw,optional,1,True,448,УТ-00008124,Оренбургские узоры,Плед Пушица,throw,29900,,экрю,150х200 см,,https://kultura-doma.ru/product/pled-pushica,https://kultura-doma.ru/public/src/images/gallery/catalog/assets/images/69e0fef714064_big__01554b1774.jpg,https://kultura-doma.ru/public/src/images/gallery/catalog/assets/images/69e0fef714064_big__01554b1774.jpg|https://kultura-doma.ru/public/src/images/gallery/catalog/691b2e78edf93_big.jpg|https://kultura-doma.ru/public/src/images/gallery/catalog/assets/images/6a33f5f4de1c8_big__bd6fad8abd.jpg,milk|blue|beige|pink|black,lace|tactile|soft
blue-hour-bedroom,Голубой час,throw,optional,2,False,1290,УТ-00010841,Оренбургские узоры,Плед Пушица,throw,29900,,бежевый,150х200 см,,https://kultura-doma.ru/product/pled-pushica-1290,https://kultura-doma.ru/public/src/images/gallery/catalog/690caa6e3be4a_big.jpg,https://kultura-doma.ru/public/src/images/gallery/catalog/690caa6e3be4a_big.jpg|https://kultura-doma.ru/public/src/images/gallery/catalog/69e0fb2e06f8b_big.jpg|https://kultura-doma.ru/public/src/images/gallery/catalog/6a33f5f6906e2_big.jpg|https://kultura-doma.ru/public/src/images/gallery/catalog/69e0fb2c562d5_big.jpg|https://kultura-doma.ru/public/src/images/gallery/catalog/6915ed83cd6c9_big.jpg,milk|blue|beige|pink|black,lace|tactile|soft
blue-hour-bedroom,Голубой час,throw,optional,3,False,1291,УТ-00010842,Оренбургские узоры,Плед Пушица,throw,29900,,голубой,150х200 см,,https://kultura-doma.ru/product/pled-pushica-1291,https://kultura-doma.ru/public/src/images/gallery/catalog/assets/images/690ca7e8a1da2_big__478b4f104c.jpg,https://kultura-doma.ru/public/src/images/gallery/catalog/assets/images/690ca7e8a1da2_big__478b4f104c.jpg|https://kultura-doma.ru/public/src/images/gallery/catalog/691b2da8124c1_big.jpg|https://kultura-doma.ru/public/src/images/gallery/catalog/assets/images/6a33f5f86c928_big__478420d5bf.jpg,milk|blue|beige|pink|black,lace|tactile|soft
blue-hour-bedroom,Голубой час,throw,optional,4,False,1292,УТ-00010844,Оренбургские узоры,Плед Пушица,throw,29900,,розовый,150х200 см,,https://kultura-doma.ru/product/pled-pushica-1292,https://kultura-doma.ru/public/src/images/gallery/catalog/assets/images/690c4a39b0066_big__ceadcfab73.jpg,https://kultura-doma.ru/public/src/images/gallery/catalog/assets/images/690c4a39b0066_big__ceadcfab73.jpg|https://kultura-doma.ru/public/src/images/gallery/catalog/69e0faf756f78_big.jpg|https://kultura-doma.ru/public/src/images/gallery/catalog/assets/images/6a33f5f14a97d_big__230edcdac7.jpg|https://kultura-doma.ru/public/src/images/gallery/catalog/6915ee98808bc_big.jpg|https://kultura-doma.ru/public/src/images/gallery/catalog/69e0faf8a778d_big.jpg,milk|blue|beige|pink|black,lace|tactile|soft
blue-hour-bedroom,Голубой час,atmosphere,optional,1,True,1501,УТ-00011406,Нити времени,Свеча с ароматом Копченая клюква Нити Времени,candle,4990,,белый,10 см,воск кокосовый,https://kultura-doma.ru/product/aromasvecha-niti-vremeni-v-farforovom-podsvechnike-kopchenaya-klyukva-1501,https://kultura-doma.ru/public/src/images/gallery/catalog/6a5f7f938779f_big.jpg,https://kultura-doma.ru/public/src/images/gallery/catalog/6a5f7f938779f_big.jpg|https://kultura-doma.ru/public/src/images/gallery/catalog/69ca6ee2f0434_big.jpg,blue|milk|gold,fairytale|blue|ornamental
blue-hour-bedroom,Голубой час,atmosphere,optional,2,False,1502,УТ-00011407,Нити времени,Свеча с ароматом Сладкий табак Нити Времени,candle,4990,,белый,10 см,воск кокосовый,https://kultura-doma.ru/product/aromasvecha-niti-vremeni-v-farforovom-podsvechnike-sladkiy-tabak-1502,https://kultura-doma.ru/public/src/images/gallery/catalog/6a5f80c780c98_big.jpg,https://kultura-doma.ru/public/src/images/gallery/catalog/6a5f80c780c98_big.jpg|https://kultura-doma.ru/public/src/images/gallery/catalog/69ca7245235eb_big.jpg,blue|milk|gold,fairytale|blue|ornamental
blue-hour-bedroom,Голубой час,atmosphere,optional,3,False,1456,УТ-00010981,Тайна острова Буяна,Свеча с ароматом Древесный табак Тайны острова Буяна,candle,9990,,белый,"12,5х16 см",воск кокосовый,https://kultura-doma.ru/product/aromasvecha-bogatyr-svetlyy-v-keramicheskom-podsvechnike-s-kryshkoy-aromat-drevesnyy-tabak,https://kultura-doma.ru/public/src/images/gallery/catalog/6978c59a6fa8e_big.jpg,https://kultura-doma.ru/public/src/images/gallery/catalog/6978c59a6fa8e_big.jpg|https://kultura-doma.ru/public/src/images/gallery/catalog/69ca2f7634eed_big.jpg|https://kultura-doma.ru/public/src/images/gallery/catalog/6a5f7fb56d316_big.jpg,blue|milk|gold,fairytale|folklore|statement
blue-hour-bedroom,Голубой час,atmosphere,optional,4,False,1455,УТ-00010980,Тайна острова Буяна,Свеча с ароматом Уд Тайны острова Буяна,candle,9990,,белый,11х16 см,воск кокосовый,https://kultura-doma.ru/product/aromasvecha-kupol-temnaya-v-keramicheskom-podsvechnike-s-kryshkoy-aromat-ud,https://kultura-doma.ru/public/src/images/gallery/catalog/6a5f809fd6922_big.jpg,https://kultura-doma.ru/public/src/images/gallery/catalog/6a5f809fd6922_big.jpg|https://kultura-doma.ru/public/src/images/gallery/catalog/69c2479438522_big.jpg|https://kultura-doma.ru/public/src/images/gallery/catalog/6a5f80a01d866_big.jpg,blue|milk|gold,fairytale|folklore|statement
