product_id;group_id;group_name
KD-PD-00474;cgrp_2818a16c64;Белый
KD-PD-00574;cgrp_2818a16c64;Белый
KD-PD-00575;cgrp_2818a16c64;Белый
KD-PD-00576;cgrp_2818a16c64;Белый
KD-PD-11574;cgrp_2818a16c64;Белый
KD-PD-11616;cgrp_2818a16c64;Белый
KD-PD-1023;cgrp_398bc3d0f7;Синий
KD-PD-1023;cgrp_2818a16c64;Белый
KD-PD-1026;cgrp_398bc3d0f7;Синий
KD-PD-1026;cgrp_2818a16c64;Белый
KD-PD-1027;cgrp_2818a16c64;Белый
KD-PD-1027;cgrp_398bc3d0f7;Синий
KD-PD-1030;cgrp_398bc3d0f7;Синий
KD-PD-1024;cgrp_398bc3d0f7;Синий
KD-PD-1025;cgrp_398bc3d0f7;Синий
KD-PD-1028;cgrp_2818a16c64;Белый
KD-PD-1028;cgrp_398bc3d0f7;Синий
KD-PD-1028;cgrp_417dc1f5c1;Пудровый
KD-PD-1128;cgrp_2818a16c64;Белый
KD-PD-1128;cgrp_398bc3d0f7;Синий
KD-PD-1128;cgrp_417dc1f5c1;Пудровый
KD-PD-2519;cgrp_2818a16c64;Белый
KD-PD-2519;cgrp_b988d894d3;Золотой
KD-PD-11417;cgrp_2818a16c64;Белый
KD-PD-11415;cgrp_2818a16c64;Белый
KD-PD-11416;cgrp_2818a16c64;Белый
KD-PD-11514;cgrp_2818a16c64;Белый
KD-PD-11428;cgrp_2818a16c64;Белый
KD-PD-11430;cgrp_2818a16c64;Белый
KD-PD-11420;cgrp_2818a16c64;Белый
KD-PD-11438;cgrp_2818a16c64;Белый
KD-PD-11438A;cgrp_2818a16c64;Белый
KD-PD-114381;cgrp_2818a16c64;Белый
KD-PD-114382;cgrp_2818a16c64;Белый
KD-PD-114383;cgrp_2818a16c64;Белый
KD-PD-114384;cgrp_2818a16c64;Белый
KD-PD-114385;cgrp_2818a16c64;Белый
KD-PD-10288;cgrp_2818a16c64;Белый
KD-PD-11020;cgrp_db1adb0a92;Желтый
KD-PD-11020;cgrp_398bc3d0f7;Синий
KD-PD-10414;cgrp_2818a16c64;Белый
KD-PD-10932;cgrp_2818a16c64;Белый
KD-PD-10587;cgrp_2818a16c64;Белый
KD-PD-10567;cgrp_2818a16c64;Белый
KD-PD-10450;cgrp_2818a16c64;Белый
KD-PD-10400;cgrp_8717c2ffa9;Красный
KD-PD-10930;cgrp_8717c2ffa9;Красный
KD-PD-8985;cgrp_2818a16c64;Белый
KD-PD-8982;cgrp_2818a16c64;Белый
KD-PD-8982;cgrp_2372492028;Зеленый
KD-PD-11033;cgrp_7ca5cf6f56;Бежевый
KD-PD-11034;cgrp_7ca5cf6f56;Бежевый
KD-PD-10841;cgrp_7ca5cf6f56;Бежевый
KD-PD-10841;cgrp_a39ee8788e;Голубой
KD-PD-10841;cgrp_2818a16c64;Белый
KD-PD-10786;cgrp_7ca5cf6f56;Бежевый
KD-PD-10786;cgrp_a39ee8788e;Голубой
KD-PD-10786;cgrp_2818a16c64;Белый
KD-PD-7947;cgrp_2818a16c64;Белый
KD-PD-8312;cgrp_2818a16c64;Белый
KD-PD-7941;cgrp_2818a16c64;Белый
KD-PD-7942;cgrp_2818a16c64;Белый
KD-PD-7242;cgrp_2818a16c64;Белый
KD-PD-7938;cgrp_2818a16c64;Белый
KD-PD-8256;cgrp_2818a16c64;Белый
KD-PD-7939;cgrp_2818a16c64;Белый
KD-PD-7944;cgrp_2818a16c64;Белый
KD-PD-7940;cgrp_2818a16c64;Белый
KD-PD-7937;cgrp_2818a16c64;Белый
KD-PD-9713;cgrp_df6d4fc5b2;Коричневый
KD-PD-9718;cgrp_d74fedd1fa;Черный
KD-PD-9718;cgrp_7ca5cf6f56;Бежевый
KD-PD-8768;cgrp_d74fedd1fa;Черный
KD-PD-8768;cgrp_7ca5cf6f56;Бежевый
KD-PD-8770;cgrp_d74fedd1fa;Черный
KD-PD-8770;cgrp_7ca5cf6f56;Бежевый
KD-PD-8765;cgrp_d74fedd1fa;Черный
KD-PD-8765;cgrp_df6d4fc5b2;Коричневый
KD-PD-8777;cgrp_d74fedd1fa;Черный
KD-PD-8777;cgrp_df6d4fc5b2;Коричневый
KD-PD-8777;cgrp_7ca5cf6f56;Бежевый
KD-PD-9711;cgrp_d74fedd1fa;Черный
KD-PD-8776;cgrp_df6d4fc5b2;Коричневый
KD-PD-8758;cgrp_d74fedd1fa;Черный
KD-PD-8758;cgrp_df6d4fc5b2;Коричневый
KD-PD-8967;cgrp_2818a16c64;Белый
KD-PD-8977;cgrp_2818a16c64;Белый
KD-PD-7227;cgrp_2818a16c64;Белый
KD-PD-9976;cgrp_2818a16c64;Белый
KD-PD-8242;cgrp_812476ce58;Серебряный
KD-PD-8243;cgrp_812476ce58;Серебряный
KD-PD-11419;cgrp_2818a16c64;Белый
KD-PD-11431;cgrp_2818a16c64;Белый
KD-PD-11429;cgrp_2818a16c64;Белый
KD-PD-11421;cgrp_2818a16c64;Белый
KD-PD-11418;cgrp_2818a16c64;Белый
KD-PD-11436;cgrp_2818a16c64;Белый
KD-PD-11518;cgrp_2818a16c64;Белый
KD-PD-11441;cgrp_2818a16c64;Белый
KD-PD-11449;cgrp_2818a16c64;Белый
KD-PD-11440;cgrp_2818a16c64;Белый
KD-PD-9415;cgrp_2818a16c64;Белый
KD-PD-9418;cgrp_2818a16c64;Белый
KD-PD-8984;cgrp_2818a16c64;Белый
KD-PD-9975;cgrp_2818a16c64;Белый
KD-PD-9416;cgrp_2818a16c64;Белый
KD-PD-9417;cgrp_2818a16c64;Белый
KD-PD-10913;cgrp_2818a16c64;Белый
KD-PD-10911;cgrp_2818a16c64;Белый
KD-PD-10925;cgrp_2818a16c64;Белый
KD-PD-11141;cgrp_2372492028;Зеленый
KD-PD-10928;cgrp_2818a16c64;Белый
KD-PD-10917;cgrp_2818a16c64;Белый
KD-PD-10915;cgrp_2818a16c64;Белый
KD-PD-10924;cgrp_2818a16c64;Белый
KD-PD-10927;cgrp_2818a16c64;Белый
KD-PD-10926;cgrp_2818a16c64;Белый
KD-PD-10918;cgrp_2818a16c64;Белый
KD-PD-10919;cgrp_2818a16c64;Белый
KD-PD-10920;cgrp_2818a16c64;Белый
KD-PD-10921;cgrp_2818a16c64;Белый
KD-PD-10922;cgrp_2818a16c64;Белый
KD-PD-10923;cgrp_2818a16c64;Белый
KD-PD-10944;cgrp_2818a16c64;Белый
KD-PD-10944;cgrp_a39ee8788e;Голубой
KD-PD-11006;cgrp_2818a16c64;Белый
KD-PD-11006;cgrp_b988d894d3;Золотой
KD-PD-10945;cgrp_2818a16c64;Белый
KD-PD-10945;cgrp_a39ee8788e;Голубой
KD-PD-10590;cgrp_2818a16c64;Белый
KD-PD-10590;cgrp_b988d894d3;Золотой
KD-PD-10591;cgrp_2818a16c64;Белый
KD-PD-10591;cgrp_b988d894d3;Золотой
KD-PD-10950;cgrp_2818a16c64;Белый
KD-PD-10950;cgrp_a39ee8788e;Голубой
KD-PD-10459;cgrp_2818a16c64;Белый
KD-PD-10459;cgrp_b988d894d3;Золотой
KD-PD-10946;cgrp_2818a16c64;Белый
KD-PD-10946;cgrp_a39ee8788e;Голубой
KD-PD-10947;cgrp_2818a16c64;Белый
KD-PD-10947;cgrp_a39ee8788e;Голубой
KD-PD-10948;cgrp_2818a16c64;Белый
KD-PD-10948;cgrp_a39ee8788e;Голубой
KD-PD-10951;cgrp_2818a16c64;Белый
KD-PD-10951;cgrp_a39ee8788e;Голубой
KD-PD-10949;cgrp_2818a16c64;Белый
KD-PD-10949;cgrp_a39ee8788e;Голубой
KD-PD-10287;cgrp_df6d4fc5b2;Коричневый
KD-PD-10127;cgrp_df6d4fc5b2;Коричневый
KD-PD-10283;cgrp_df6d4fc5b2;Коричневый
KD-PD-10284;cgrp_df6d4fc5b2;Коричневый
KD-PD-10256;cgrp_2818a16c64;Белый
KD-PD-10256;cgrp_b988d894d3;Золотой
KD-PD-10254;cgrp_2818a16c64;Белый
KD-PD-10254;cgrp_b988d894d3;Золотой
KD-PD-2000;cgrp_a39ee8788e;Голубой
KD-PD-2000;cgrp_2818a16c64;Белый
KD-PD-2000;cgrp_398bc3d0f7;Синий
KD-PD-2003;cgrp_a39ee8788e;Голубой
KD-PD-2010;cgrp_2818a16c64;Белый
KD-PD-2010;cgrp_398bc3d0f7;Синий
KD-PD-2001;cgrp_398bc3d0f7;Синий
KD-PD-2001;cgrp_2818a16c64;Белый
KD-PD-2004;cgrp_2818a16c64;Белый
KD-PD-10376;cgrp_a39ee8788e;Голубой
KD-PD-10599;cgrp_a39ee8788e;Голубой
KD-PD-8695;cgrp_6e3a178629;Прозрачный
KD-PD-10375;cgrp_a39ee8788e;Голубой
KD-PD-10260;cgrp_2818a16c64;Белый
KD-PD-10260;cgrp_a39ee8788e;Голубой
KD-PD-10597;cgrp_2818a16c64;Белый
KD-PD-10597;cgrp_a39ee8788e;Голубой
KD-PD-10981;cgrp_2818a16c64;Белый
KD-PD-10981;cgrp_df6d4fc5b2;Коричневый
KD-PD-10259;cgrp_2818a16c64;Белый
KD-PD-10259;cgrp_a39ee8788e;Голубой
KD-PD-10258;cgrp_2818a16c64;Белый
KD-PD-10258;cgrp_a39ee8788e;Голубой
KD-PD-10244;cgrp_df6d4fc5b2;Коричневый
KD-PD-10239;cgrp_df6d4fc5b2;Коричневый
KD-PD-1;cgrp_2818a16c64;Белый
KD-PD-1022;cgrp_2818a16c64;Белый
KD-PD-1022;cgrp_a39ee8788e;Голубой
KD-PD-1022;cgrp_398bc3d0f7;Синий
KD-PD-1022;cgrp_417dc1f5c1;Пудровый
