image_id;variant_id;product_id;sort_order;path
KD-PD-00474__v001__img1;KD-PD-00474__v001;KD-PD-00474;1;/assets/images/KD-PD-00474.png
KD-PD-00574__v001__img1;KD-PD-00574__v001;KD-PD-00574;1;/assets/images/KD-PD-00574.png
KD-PD-00575__v001__img1;KD-PD-00575__v001;KD-PD-00575;1;/assets/images/KD-PD-00575.png
KD-PD-00576__v001__img1;KD-PD-00576__v001;KD-PD-00576;1;/assets/images/KD-PD-00576.png
KD-PD-11574__v001__img1;KD-PD-11574__v001;KD-PD-11574;1;/assets/images/KD-PD-11574.png
KD-PD-11616__v001__img1;KD-PD-11616__v001;KD-PD-11616;1;/assets/images/KD-PD-11616.png
KD-PD-1023__v001__img1;KD-PD-1023__v001;KD-PD-1023;1;/assets/images/KD-PD-1023-BLUE02.png
KD-PD-1023__v002__img1;KD-PD-1023__v002;KD-PD-1023;1;/assets/images/KD-PD-1023-WHITE02.png
KD-PD-1023__v003__img1;KD-PD-1023__v003;KD-PD-1023;1;/assets/images/KD-PD-1023-BEIGE02.png
KD-PD-1026__v001__img1;KD-PD-1026__v001;KD-PD-1026;1;/assets/images/KD-PD-1026-BLUE02.png
KD-PD-1026__v002__img1;KD-PD-1026__v002;KD-PD-1026;1;/assets/images/KD-PD-1026-WHITE02.png
KD-PD-1026__v003__img1;KD-PD-1026__v003;KD-PD-1026;1;/assets/images/KD-PD-1026-BEIGE02.png
KD-PD-1027__v001__img1;KD-PD-1027__v001;KD-PD-1027;1;/assets/images/KD-PD-1027МОЛОЧНЫЙ.png
KD-PD-1027__v002__img1;KD-PD-1027__v002;KD-PD-1027;1;/assets/images/KD-PD-1027МОЛОЧНЫЙ.png
KD-PD-1027__v003__img1;KD-PD-1027__v003;KD-PD-1027;1;/assets/images/KD-PD-1027СЕРОСИНИЙ.png
KD-PD-1027__v004__img1;KD-PD-1027__v004;KD-PD-1027;1;/assets/images/KD-PD-1027СЕРОСИНИЙ.png
KD-PD-1030__v001__img1;KD-PD-1030__v001;KD-PD-1030;1;/assets/images/time-tea-pair.png
KD-PD-1024__v001__img1;KD-PD-1024__v001;KD-PD-1024;1;/assets/images/KD-PD-1024-DARK01.png
KD-PD-1024__v001__img2;KD-PD-1024__v001;KD-PD-1024;2;/assets/images/KD-PD-1024-DARK02.png
KD-PD-1024__v002__img1;KD-PD-1024__v002;KD-PD-1024;1;/assets/images/KD-PD-1024-DARK01.png
KD-PD-1024__v002__img2;KD-PD-1024__v002;KD-PD-1024;2;/assets/images/KD-PD-1024-DARK02.png
KD-PD-1024__v003__img1;KD-PD-1024__v003;KD-PD-1024;1;/assets/images/KD-PD-1024-DARK01.png
KD-PD-1024__v003__img2;KD-PD-1024__v003;KD-PD-1024;2;/assets/images/KD-PD-1024-DARK02.png
KD-PD-1025__v001__img1;KD-PD-1025__v001;KD-PD-1025;1;/assets/images/moon-plate.png
KD-PD-1028__v001__img1;KD-PD-1028__v001;KD-PD-1028;1;/assets/images/KD-PD-1028-WHITE01.png
KD-PD-1028__v001__img2;KD-PD-1028__v001;KD-PD-1028;2;/assets/images/KD-PD-1028-WHITE03.png
KD-PD-1028__v002__img1;KD-PD-1028__v002;KD-PD-1028;1;/assets/images/KD-PD-1028-WHITE01.png
KD-PD-1028__v002__img2;KD-PD-1028__v002;KD-PD-1028;2;/assets/images/KD-PD-1028-WHITE03.png
KD-PD-1028__v003__img1;KD-PD-1028__v003;KD-PD-1028;1;/assets/images/KD-PD-1028-WHITE01.png
KD-PD-1028__v003__img2;KD-PD-1028__v003;KD-PD-1028;2;/assets/images/KD-PD-1028-WHITE03.png
KD-PD-1028__v004__img1;KD-PD-1028__v004;KD-PD-1028;1;/assets/images/KD-PD-1028-DARK01.png
KD-PD-1028__v004__img2;KD-PD-1028__v004;KD-PD-1028;2;/assets/images/KD-PD-1028-DARK02.png
KD-PD-1028__v005__img1;KD-PD-1028__v005;KD-PD-1028;1;/assets/images/KD-PD-1028-DARK01.png
KD-PD-1028__v005__img2;KD-PD-1028__v005;KD-PD-1028;2;/assets/images/KD-PD-1028-DARK02.png
KD-PD-1028__v006__img1;KD-PD-1028__v006;KD-PD-1028;1;/assets/images/KD-PD-1028-DARK01.png
KD-PD-1028__v006__img2;KD-PD-1028__v006;KD-PD-1028;2;/assets/images/KD-PD-1028-DARK02.png
KD-PD-1028__v007__img1;KD-PD-1028__v007;KD-PD-1028;1;/assets/images/peach-sheet.jpg
KD-PD-1028__v007__img2;KD-PD-1028__v007;KD-PD-1028;2;/assets/images/KD-PD-1028-PUDRA02.png
KD-PD-1028__v008__img1;KD-PD-1028__v008;KD-PD-1028;1;/assets/images/KD-PD-1028-WHITE01.png
KD-PD-1028__v008__img2;KD-PD-1028__v008;KD-PD-1028;2;/assets/images/KD-PD-1028-WHITE03.png
KD-PD-1028__v009__img1;KD-PD-1028__v009;KD-PD-1028;1;/assets/images/KD-PD-1028-WHITE01.png
KD-PD-1028__v009__img2;KD-PD-1028__v009;KD-PD-1028;2;/assets/images/KD-PD-1028-WHITE03.png
KD-PD-1128__v001__img1;KD-PD-1128__v001;KD-PD-1128;1;/assets/images/KD-PD-1128-WHITE01.png
KD-PD-1128__v001__img2;KD-PD-1128__v001;KD-PD-1128;2;/assets/images/KD-PD-1128-WHITE02.png
KD-PD-1128__v002__img1;KD-PD-1128__v002;KD-PD-1128;1;/assets/images/KD-PD-1128-DARK01.png
KD-PD-1128__v002__img2;KD-PD-1128__v002;KD-PD-1128;2;/assets/images/KD-PD-1128-DARK01.png
KD-PD-1128__v003__img1;KD-PD-1128__v003;KD-PD-1128;1;/assets/images/KD-PD-1128-PUDRA01.png
KD-PD-1128__v003__img2;KD-PD-1128__v003;KD-PD-1128;2;/assets/images/KD-PD-1128-PUDRA03.png
KD-PD-2519__v001__img1;KD-PD-2519__v001;KD-PD-2519;1;/assets/images/KD-PD-2519.png
KD-PD-2519__v002__img1;KD-PD-2519__v002;KD-PD-2519;1;/assets/images/KD-PD-2519.png
KD-PD-11417__v001__img1;KD-PD-11417__v001;KD-PD-11417;1;/assets/images/69cfd1dbd8788_big.jpg
KD-PD-11415__v001__img1;KD-PD-11415__v001;KD-PD-11415;1;/assets/images/69a59fe31bc63_big.jpg
KD-PD-11416__v001__img1;KD-PD-11416__v001;KD-PD-11416;1;/assets/images/69a59ff7219ee_big.jpg
KD-PD-11514__v001__img1;KD-PD-11514__v001;KD-PD-11514;1;/assets/images/6a85be4b7c47d_big.jpg
KD-PD-11428__v001__img1;KD-PD-11428__v001;KD-PD-11428;1;/assets/images/6a85bf69a9fab_big.jpg
KD-PD-11430__v001__img1;KD-PD-11430__v001;KD-PD-11430;1;/assets/images/6a85b5ce5156c_big.jpg
KD-PD-11420__v001__img1;KD-PD-11420__v001;KD-PD-11420;1;/assets/images/6a85b4e761a4c_big.jpg
KD-PD-11438__v001__img1;KD-PD-11438__v001;KD-PD-11438;1;/assets/images/6a85bf6840c27_big.jpg
KD-PD-11438__v002__img1;KD-PD-11438__v002;KD-PD-11438;1;/assets/images/6a85bf6840c27_big.jpg
KD-PD-11438A__v001__img1;KD-PD-11438A__v001;KD-PD-11438A;1;/assets/images/6a85bf55372ef_big.jpg
KD-PD-114381__v001__img1;KD-PD-114381__v001;KD-PD-114381;1;/assets/images/6a85b7d65b6f3_big.jpg
KD-PD-114382__v001__img1;KD-PD-114382__v001;KD-PD-114382;1;/assets/images/6a85bab0339ea_big.jpg
KD-PD-114383__v001__img1;KD-PD-114383__v001;KD-PD-114383;1;/assets/images/6a06d76222d16_big.jpg
KD-PD-114384__v001__img1;KD-PD-114384__v001;KD-PD-114384;1;/assets/images/6a85ba923b6ef_big.jpg
KD-PD-114385__v001__img1;KD-PD-114385__v001;KD-PD-114385;1;/assets/images/6a85b6e1b4b86_big.jpg
KD-PD-10288__v001__img1;KD-PD-10288__v001;KD-PD-10288;1;/assets/images/6a0d5b3b35c53_big.jpg
KD-PD-10288__v001__img2;KD-PD-10288__v001;KD-PD-10288;2;/assets/images/68ecbba698a58_big.jpg
KD-PD-10288__v002__img1;KD-PD-10288__v002;KD-PD-10288;1;/assets/images/6a0d5b3b35c53_big.jpg
KD-PD-10288__v002__img2;KD-PD-10288__v002;KD-PD-10288;2;/assets/images/68ecbba698a58_big.jpg
KD-PD-11020__v001__img1;KD-PD-11020__v001;KD-PD-11020;1;/assets/images/6a0d5b4123311_big.jpg
KD-PD-11020__v002__img1;KD-PD-11020__v002;KD-PD-11020;1;/assets/images/6a0d5b3d445c5_big.jpg
KD-PD-10414__v001__img1;KD-PD-10414__v001;KD-PD-10414;1;/assets/images/6a84708e939ec_big.jpg
KD-PD-10932__v001__img1;KD-PD-10932__v001;KD-PD-10932;1;/assets/images/69441f32012f2_big.jpg
KD-PD-10587__v001__img1;KD-PD-10587__v001;KD-PD-10587;1;/assets/images/6a84709a367e8_big.jpg
KD-PD-10567__v001__img1;KD-PD-10567__v001;KD-PD-10567;1;/assets/images/6a8470a8f0e87_big.jpg
KD-PD-10450__v001__img1;KD-PD-10450__v001;KD-PD-10450;1;/assets/images/6a8471f1dc0ec_big.jpg
KD-PD-10450__v002__img1;KD-PD-10450__v002;KD-PD-10450;1;/assets/images/6a8471f1dc0ec_big.jpg
KD-PD-10400__v001__img1;KD-PD-10400__v001;KD-PD-10400;1;/assets/images/694150e829683_big.jpg
KD-PD-10930__v001__img1;KD-PD-10930__v001;KD-PD-10930;1;/assets/images/694151510f837_big.jpg
KD-PD-8985__v001__img1;KD-PD-8985__v001;KD-PD-8985;1;/assets/images/KD-PD-8985.png
KD-PD-8985__v002__img1;KD-PD-8985__v002;KD-PD-8985;1;/assets/images/KD-PD-8985.png
KD-PD-8982__v001__img1;KD-PD-8982__v001;KD-PD-8982;1;/assets/images/KD-PD-8982WHITE.png
KD-PD-8982__v002__img1;KD-PD-8982__v002;KD-PD-8982;1;/assets/images/KD-PD-8982WHITE.png
KD-PD-8982__v003__img1;KD-PD-8982__v003;KD-PD-8982;1;/assets/images/KD-PD-8982GREEN.png
KD-PD-8982__v004__img1;KD-PD-8982__v004;KD-PD-8982;1;/assets/images/KD-PD-8982GREEN.png
KD-PD-11033__v001__img1;KD-PD-11033__v001;KD-PD-11033;1;/assets/images/69e233fdc6992_big.jpg
KD-PD-11034__v001__img1;KD-PD-11034__v001;KD-PD-11034;1;/assets/images/69e234045d0a5_big.jpg
KD-PD-10841__v001__img1;KD-PD-10841__v001;KD-PD-10841;1;/assets/images/KD-PD-10841БЕЖЕВЫЙ.png
KD-PD-10841__v002__img1;KD-PD-10841__v002;KD-PD-10841;1;/assets/images/KD-PD-10841ГОЛУБОЙ.png
KD-PD-10841__v003__img1;KD-PD-10841__v003;KD-PD-10841;1;/assets/images/KD-PD-10841ЭКРЮ.png
KD-PD-10786__v001__img1;KD-PD-10786__v001;KD-PD-10786;1;/assets/images/KD-PD-10786БЕЖЕВЫЙ.png
KD-PD-10786__v002__img1;KD-PD-10786__v002;KD-PD-10786;1;/assets/images/KD-PD-10786ГОЛУБОЙ.png
KD-PD-10786__v003__img1;KD-PD-10786__v003;KD-PD-10786;1;/assets/images/KD-PD-10786ЭКРЮ.png
KD-PD-7947__v001__img1;KD-PD-7947__v001;KD-PD-7947;1;/assets/images/687e4847be118_big.jpg
KD-PD-8312__v001__img1;KD-PD-8312__v001;KD-PD-8312;1;/assets/images/6a8317467f780_big.jpg
KD-PD-7941__v001__img1;KD-PD-7941__v001;KD-PD-7941;1;/assets/images/68ee0faf95812_big.png
KD-PD-7941__v001__img2;KD-PD-7941__v001;KD-PD-7941;2;/assets/images/6a394b4a57a59_big.jpg
KD-PD-7942__v001__img1;KD-PD-7942__v001;KD-PD-7942;1;/assets/images/6a3a860480fbd_big.jpg
KD-PD-7942__v002__img1;KD-PD-7942__v002;KD-PD-7942;1;/assets/images/6a3a860480fbd_big.jpg
KD-PD-7242__v001__img1;KD-PD-7242__v001;KD-PD-7242;1;/assets/images/6a831e350cf34_big.jpg
KD-PD-7938__v001__img1;KD-PD-7938__v001;KD-PD-7938;1;/assets/images/6a394b88d86f5_big.jpg
KD-PD-7938__v001__img2;KD-PD-7938__v001;KD-PD-7938;2;/assets/images/6a394b886643a_big.jpg
KD-PD-8256__v001__img1;KD-PD-8256__v001;KD-PD-8256;1;/assets/images/6a847053607fe_big.jpg
KD-PD-7939__v001__img1;KD-PD-7939__v001;KD-PD-7939;1;/assets/images/6a632cffe8804_big.jpg
KD-PD-7939__v001__img2;KD-PD-7939__v001;KD-PD-7939;2;/assets/images/6a632cff1c511_big.jpg
KD-PD-7944__v001__img1;KD-PD-7944__v001;KD-PD-7944;1;/assets/images/6a06d7497fe35_big.jpg
KD-PD-7944__v001__img2;KD-PD-7944__v001;KD-PD-7944;2;/assets/images/6a3a73674e96f_big.jpg
KD-PD-7944__v002__img1;KD-PD-7944__v002;KD-PD-7944;1;/assets/images/6a06d7497fe35_big.jpg
KD-PD-7944__v002__img2;KD-PD-7944__v002;KD-PD-7944;2;/assets/images/6a3a73674e96f_big.jpg
KD-PD-7944__v003__img1;KD-PD-7944__v003;KD-PD-7944;1;/assets/images/6a06d7497fe35_big.jpg
KD-PD-7944__v003__img2;KD-PD-7944__v003;KD-PD-7944;2;/assets/images/6a3a73674e96f_big.jpg
KD-PD-7940__v001__img1;KD-PD-7940__v001;KD-PD-7940;1;/assets/images/6a394ba34f611_big.jpg
KD-PD-7940__v001__img2;KD-PD-7940__v001;KD-PD-7940;2;/assets/images/6a394ba3081b0_big.jpg
KD-PD-7937__v001__img1;KD-PD-7937__v001;KD-PD-7937;1;/assets/images/6a394f8eb12f9_big.jpg
KD-PD-7937__v001__img2;KD-PD-7937__v001;KD-PD-7937;2;/assets/images/6a394f8a58a79_big.jpg
KD-PD-9713__v001__img1;KD-PD-9713__v001;KD-PD-9713;1;/assets/images/6a43759554a63_big.jpg
KD-PD-9713__v001__img2;KD-PD-9713__v001;KD-PD-9713;2;/assets/images/6a437596a2438_big.jpg
KD-PD-9718__v001__img1;KD-PD-9718__v001;KD-PD-9718;1;/assets/images/6a4375af70c8c_big.jpg
KD-PD-9718__v001__img2;KD-PD-9718__v001;KD-PD-9718;2;/assets/images/6a4375af053ff_big.jpg
KD-PD-9718__v002__img1;KD-PD-9718__v002;KD-PD-9718;1;/assets/images/KD-PD-9718БЕЖЕВЫЙ.png
KD-PD-8768__v001__img1;KD-PD-8768__v001;KD-PD-8768;1;/assets/images/6a4374d62377f_big.jpg
KD-PD-8768__v001__img2;KD-PD-8768__v001;KD-PD-8768;2;/assets/images/6a4374d4b3831_big.jpg
KD-PD-8768__v002__img1;KD-PD-8768__v002;KD-PD-8768;1;/assets/images/6a4374d911192_big.jpg
KD-PD-8768__v002__img2;KD-PD-8768__v002;KD-PD-8768;2;/assets/images/6a4374d88ca9d_big.jpg
KD-PD-8770__v001__img1;KD-PD-8770__v001;KD-PD-8770;1;/assets/images/6a4374dca3f1b_big.jpg
KD-PD-8770__v001__img2;KD-PD-8770__v001;KD-PD-8770;2;/assets/images/6a4374dc0d590_big.jpg
KD-PD-8770__v002__img1;KD-PD-8770__v002;KD-PD-8770;1;/assets/images/KD-PD-8770БЕЖЕВЫЙ.png
KD-PD-8765__v001__img1;KD-PD-8765__v001;KD-PD-8765;1;/assets/images/6a4374d0b98ff_big.jpg
KD-PD-8765__v001__img2;KD-PD-8765__v001;KD-PD-8765;2;/assets/images/6a4374cf781d5_big.jpg
KD-PD-8765__v002__img1;KD-PD-8765__v002;KD-PD-8765;1;/assets/images/KD-PD-8765КОРИЧНЕВЫЙ.png
KD-PD-8777__v001__img1;KD-PD-8777__v001;KD-PD-8777;1;/assets/images/6a4374f158e23_big.jpg
KD-PD-8777__v001__img2;KD-PD-8777__v001;KD-PD-8777;2;/assets/images/6a4374f0beb87_big.jpg
KD-PD-8777__v002__img1;KD-PD-8777__v002;KD-PD-8777;1;/assets/images/6a4374f54239a_big.jpg
KD-PD-8777__v002__img2;KD-PD-8777__v002;KD-PD-8777;2;/assets/images/6a4374f4002a5_big.jpg
KD-PD-8777__v003__img1;KD-PD-8777__v003;KD-PD-8777;1;/assets/images/6a4374fa6a51e_big.jpg
KD-PD-8777__v003__img2;KD-PD-8777__v003;KD-PD-8777;2;/assets/images/6a4374f92306f_big.jpg
KD-PD-9711__v001__img1;KD-PD-9711__v001;KD-PD-9711;1;/assets/images/6a58e99971c7c_big.jpg
KD-PD-8776__v001__img1;KD-PD-8776__v001;KD-PD-8776;1;/assets/images/6a4374ed2e7de_big.jpg
KD-PD-8776__v001__img2;KD-PD-8776__v001;KD-PD-8776;2;/assets/images/6a4374ec602a8_big.jpg
KD-PD-8758__v001__img1;KD-PD-8758__v001;KD-PD-8758;1;/assets/images/6a4374b928bc8_big.jpg
KD-PD-8758__v001__img2;KD-PD-8758__v001;KD-PD-8758;2;/assets/images/6a4374b8dde46_big.jpg
KD-PD-8758__v002__img1;KD-PD-8758__v002;KD-PD-8758;1;/assets/images/6a4374bb5d537_big.jpg
KD-PD-8758__v002__img2;KD-PD-8758__v002;KD-PD-8758;2;/assets/images/6a4374bb235bf_big.jpg
KD-PD-8967__v001__img1;KD-PD-8967__v001;KD-PD-8967;1;/assets/images/68b028406ce99_big.jpg
KD-PD-8967__v001__img2;KD-PD-8967__v001;KD-PD-8967;2;/assets/images/68b028406ce99_big.jpg
KD-PD-8967__v002__img1;KD-PD-8967__v002;KD-PD-8967;1;/assets/images/68b028406ce99_big.jpg
KD-PD-8967__v002__img2;KD-PD-8967__v002;KD-PD-8967;2;/assets/images/68b028406ce99_big.jpg
KD-PD-8967__v003__img1;KD-PD-8967__v003;KD-PD-8967;1;/assets/images/68b028406ce99_big.jpg
KD-PD-8967__v003__img2;KD-PD-8967__v003;KD-PD-8967;2;/assets/images/68b028406ce99_big.jpg
KD-PD-8977__v001__img1;KD-PD-8977__v001;KD-PD-8977;1;/assets/images/6a46789a02f21_big.jpg
KD-PD-8977__v001__img2;KD-PD-8977__v001;KD-PD-8977;2;/assets/images/68b5843370a11_big.jpg
KD-PD-7227__v001__img1;KD-PD-7227__v001;KD-PD-7227;1;/assets/images/6a0abbf14fafb_big.jpg
KD-PD-7227__v001__img2;KD-PD-7227__v001;KD-PD-7227;2;/assets/images/6a0abbf175562_big.jpg
KD-PD-7227__v002__img1;KD-PD-7227__v002;KD-PD-7227;1;/assets/images/6a0abbf14fafb_big.jpg
KD-PD-7227__v002__img2;KD-PD-7227__v002;KD-PD-7227;2;/assets/images/6a0abbf175562_big.jpg
KD-PD-7227__v003__img1;KD-PD-7227__v003;KD-PD-7227;1;/assets/images/6a0abbf14fafb_big.jpg
KD-PD-7227__v003__img2;KD-PD-7227__v003;KD-PD-7227;2;/assets/images/6a0abbf175562_big.jpg
KD-PD-9976__v001__img1;KD-PD-9976__v001;KD-PD-9976;1;/assets/images/69df5f57970e0_big.jpg
KD-PD-9976__v001__img2;KD-PD-9976__v001;KD-PD-9976;2;/assets/images/69b95afad6980_big.jpg
KD-PD-8242__v001__img1;KD-PD-8242__v001;KD-PD-8242;1;/assets/images/6a57511b9cbbf_big.jpg
KD-PD-8243__v001__img1;KD-PD-8243__v001;KD-PD-8243;1;/assets/images/6a3d1d63d385c_big.jpg
KD-PD-11521__v001__img1;KD-PD-11521__v001;KD-PD-11521;1;/assets/images/69b16002123a4_big.png
KD-PD-11521__v002__img1;KD-PD-11521__v002;KD-PD-11521;1;/assets/images/69b16002123a4_big.png
KD-PD-11521__v003__img1;KD-PD-11521__v003;KD-PD-11521;1;/assets/images/69b16002123a4_big.png
KD-PD-11419__v001__img1;KD-PD-11419__v001;KD-PD-11419;1;/assets/images/6a3a77ab1a012_big.jpg
KD-PD-11431__v001__img1;KD-PD-11431__v001;KD-PD-11431;1;/assets/images/6a394affdcfc4_big.jpg
KD-PD-11431__v001__img2;KD-PD-11431__v001;KD-PD-11431;2;/assets/images/6993065ce7e66_big.jpg
KD-PD-11429__v001__img1;KD-PD-11429__v001;KD-PD-11429;1;/assets/images/KD-PD-11429.jpg
KD-PD-11421__v001__img1;KD-PD-11421__v001;KD-PD-11421;1;/assets/images/6a3a861013057_big.jpg
KD-PD-11418__v001__img1;KD-PD-11418__v001;KD-PD-11418;1;/assets/images/69cfcf5d94387_big.jpg
KD-PD-11418__v001__img2;KD-PD-11418__v001;KD-PD-11418;2;/assets/images/69958b5f30941_big.jpg
KD-PD-11436__v001__img1;KD-PD-11436__v001;KD-PD-11436;1;/assets/images/KD-PD-11436.jpg
KD-PD-11518__v001__img1;KD-PD-11518__v001;KD-PD-11518;1;/assets/images/6a85bf55372ef_big.jpg
KD-PD-11441__v001__img1;KD-PD-11441__v001;KD-PD-11441;1;/assets/images/KD-PD-11441.jpg
KD-PD-11449__v001__img1;KD-PD-11449__v001;KD-PD-11449;1;/assets/images/KD-PD-11449.jpg
KD-PD-11440__v001__img1;KD-PD-11440__v001;KD-PD-11440;1;/assets/images/KD-PD-11440.jpg
KD-PD-9415__v001__img1;KD-PD-9415__v001;KD-PD-9415;1;/assets/images/KD-PD-9415.png
KD-PD-9418__v001__img1;KD-PD-9418__v001;KD-PD-9418;1;/assets/images/KD-PD-9418.png
KD-PD-8984__v001__img1;KD-PD-8984__v001;KD-PD-8984;1;/assets/images/KD-PD-8984.png
KD-PD-9975__v001__img1;KD-PD-9975__v001;KD-PD-9975;1;/assets/images/69df5f56592b1_big.jpg
KD-PD-9975__v001__img2;KD-PD-9975__v001;KD-PD-9975;2;/assets/images/69958bb93c88e_big.jpg
KD-PD-9416__v001__img1;KD-PD-9416__v001;KD-PD-9416;1;/assets/images/KD-PD-9416.png
KD-PD-9417__v001__img1;KD-PD-9417__v001;KD-PD-9417;1;/assets/images/KD-PD-9417.png
KD-PD-10913__v001__img1;KD-PD-10913__v001;KD-PD-10913;1;/assets/images/6a85ae21c78e0_big.jpg
KD-PD-10911__v001__img1;KD-PD-10911__v001;KD-PD-10911;1;/assets/images/KD-PD-10911.png
KD-PD-10911__v002__img1;KD-PD-10911__v002;KD-PD-10911;1;/assets/images/KD-PD-10911.png
KD-PD-10925__v001__img1;KD-PD-10925__v001;KD-PD-10925;1;/assets/images/6a85afc487304_big.jpg
KD-PD-11141__v001__img1;KD-PD-11141__v001;KD-PD-11141;1;/assets/images/69df9867a661d_big.jpg
KD-PD-10928__v001__img1;KD-PD-10928__v001;KD-PD-10928;1;/assets/images/KD-PD-10928.png
KD-PD-10917__v001__img1;KD-PD-10917__v001;KD-PD-10917;1;/assets/images/KD-PD-10917.png
KD-PD-10915__v001__img1;KD-PD-10915__v001;KD-PD-10915;1;/assets/images/KD-PD-10915.png
KD-PD-10924__v001__img1;KD-PD-10924__v001;KD-PD-10924;1;/assets/images/KD-PD-10924.png
KD-PD-10927__v001__img1;KD-PD-10927__v001;KD-PD-10927;1;/assets/images/KD-PD-10927.png
KD-PD-10926__v001__img1;KD-PD-10926__v001;KD-PD-10926;1;/assets/images/KD-PD-10926.png
KD-PD-10918__v001__img1;KD-PD-10918__v001;KD-PD-10918;1;/assets/images/KD-PD-10918.png
KD-PD-10919__v001__img1;KD-PD-10919__v001;KD-PD-10919;1;/assets/images/KD-PD-10919.png
KD-PD-10920__v001__img1;KD-PD-10920__v001;KD-PD-10920;1;/assets/images/6a85bcecc09c8_big.jpg
KD-PD-10921__v001__img1;KD-PD-10921__v001;KD-PD-10921;1;/assets/images/6a85bcfa2f399_big.jpg
KD-PD-10922__v001__img1;KD-PD-10922__v001;KD-PD-10922;1;/assets/images/KD-PD-10922.png
KD-PD-10923__v001__img1;KD-PD-10923__v001;KD-PD-10923;1;/assets/images/6a85bf6fe9fa3_big.jpg
KD-PD-10944__v001__img1;KD-PD-10944__v001;KD-PD-10944;1;/assets/images/698deddc79da9_big.JPG
KD-PD-11006__v001__img1;KD-PD-11006__v001;KD-PD-11006;1;/assets/images/69f218d992ea2_big.jpg
KD-PD-10945__v001__img1;KD-PD-10945__v001;KD-PD-10945;1;/assets/images/698decfd8e311_big.jpg
KD-PD-10590__v001__img1;KD-PD-10590__v001;KD-PD-10590;1;/assets/images/698deb44c83a5_big.jpg
KD-PD-10591__v001__img1;KD-PD-10591__v001;KD-PD-10591;1;/assets/images/KD-PD-10591.png
KD-PD-10950__v001__img1;KD-PD-10950__v001;KD-PD-10950;1;/assets/images/KD-PD-10950.png
KD-PD-10459__v001__img1;KD-PD-10459__v001;KD-PD-10459;1;/assets/images/KD-PD-10459.png
KD-PD-10459__v002__img1;KD-PD-10459__v002;KD-PD-10459;1;/assets/images/KD-PD-10459.png
KD-PD-10946__v001__img1;KD-PD-10946__v001;KD-PD-10946;1;/assets/images/KD-PD-10946.png
KD-PD-10947__v001__img1;KD-PD-10947__v001;KD-PD-10947;1;/assets/images/KD-PD-10947.png
KD-PD-10948__v001__img1;KD-PD-10948__v001;KD-PD-10948;1;/assets/images/KD-PD-10948.png
KD-PD-10951__v001__img1;KD-PD-10951__v001;KD-PD-10951;1;/assets/images/KD-PD-10951.png
KD-PD-10949__v001__img1;KD-PD-10949__v001;KD-PD-10949;1;/assets/images/KD-PD-10949.png
KD-PD-10287__v001__img1;KD-PD-10287__v001;KD-PD-10287;1;/assets/images/68da38fa3c974_big.jpg
KD-PD-10287__v001__img2;KD-PD-10287__v001;KD-PD-10287;2;/assets/images/68f8dd754708a_big.jpg
KD-PD-10127__v001__img1;KD-PD-10127__v001;KD-PD-10127;1;/assets/images/KD-PD-10127.png
KD-PD-10127__v002__img1;KD-PD-10127__v002;KD-PD-10127;1;/assets/images/KD-PD-10127.png
KD-PD-10283__v001__img1;KD-PD-10283__v001;KD-PD-10283;1;/assets/images/68da390e4614a_big.jpg
KD-PD-10283__v001__img2;KD-PD-10283__v001;KD-PD-10283;2;/assets/images/68ecc502bdb94_big.jpg
KD-PD-10284__v001__img1;KD-PD-10284__v001;KD-PD-10284;1;/assets/images/69f06b63e0eac_big.jpg
KD-PD-10284__v001__img2;KD-PD-10284__v001;KD-PD-10284;2;/assets/images/68ecc79f1d5e2_big.jpg
KD-PD-10256__v001__img1;KD-PD-10256__v001;KD-PD-10256;1;/assets/images/KD-PD-10256.png
KD-PD-10254__v001__img1;KD-PD-10254__v001;KD-PD-10254;1;/assets/images/KD-PD-10254.png
KD-PD-2000__v001__img1;KD-PD-2000__v001;KD-PD-2000;1;/assets/images/KD-PD-2000-BLUE01.png
KD-PD-2000__v002__img1;KD-PD-2000__v002;KD-PD-2000;1;/assets/images/KD-PD-2000-WHITE01.png
KD-PD-2000__v003__img1;KD-PD-2000__v003;KD-PD-2000;1;/assets/images/KD-PD-2000-DARK01.png
KD-PD-2003__v001__img1;KD-PD-2003__v001;KD-PD-2003;1;/assets/images/KD-PD-2003-BLUE01.png
KD-PD-2003__v001__img2;KD-PD-2003__v001;KD-PD-2003;2;/assets/images/KD-PD-2003-BLUE02.png
KD-PD-2010__v001__img1;KD-PD-2010__v001;KD-PD-2010;1;/assets/images/KD-PD-2010-WHITE01.png
KD-PD-2010__v002__img1;KD-PD-2010__v002;KD-PD-2010;1;/assets/images/KD-PD-2010-DARK01.png
KD-PD-2001__v001__img1;KD-PD-2001__v001;KD-PD-2001;1;/assets/images/KD-PD-2001-DARK01.png
KD-PD-2001__v002__img1;KD-PD-2001__v002;KD-PD-2001;1;/assets/images/KD-PD-2001-WHITE01.png
KD-PD-2004__v001__img1;KD-PD-2004__v001;KD-PD-2004;1;/assets/images/KD-PD-2004-WHITE01.png
KD-PD-10376__v001__img1;KD-PD-10376__v001;KD-PD-10376;1;/assets/images/KD-PD-10376-01.png
KD-PD-10376__v001__img2;KD-PD-10376__v001;KD-PD-10376;2;/assets/images/KD-PD-10376-02.png
KD-PD-10376__v002__img1;KD-PD-10376__v002;KD-PD-10376;1;/assets/images/KD-PD-10376-01.png
KD-PD-10376__v002__img2;KD-PD-10376__v002;KD-PD-10376;2;/assets/images/KD-PD-10376-02.png
KD-PD-10599__v001__img1;KD-PD-10599__v001;KD-PD-10599;1;/assets/images/69e5d18433139_big.jpg
KD-PD-8695__v001__img1;KD-PD-8695__v001;KD-PD-8695;1;/assets/images/6a47b3e9acf68_big.jpg
KD-PD-10375__v001__img1;KD-PD-10375__v001;KD-PD-10375;1;/assets/images/KD-PD-10375-02.png
KD-PD-10375__v002__img1;KD-PD-10375__v002;KD-PD-10375;1;/assets/images/KD-PD-10375-02.png
KD-PD-10260__v001__img1;KD-PD-10260__v001;KD-PD-10260;1;/assets/images/68f65790028a8_big.jpg
KD-PD-10597__v001__img1;KD-PD-10597__v001;KD-PD-10597;1;/assets/images/69e5d81fb0f8c_big.jpg
KD-PD-10597__v002__img1;KD-PD-10597__v002;KD-PD-10597;1;/assets/images/69f1d18162bd5_big.jpg
KD-PD-10981__v001__img1;KD-PD-10981__v001;KD-PD-10981;1;/assets/images/6978c59a6fa8e_big.jpg
KD-PD-10981__v002__img1;KD-PD-10981__v002;KD-PD-10981;1;/assets/images/6978c59a6fa8e_big.jpg
KD-PD-10981__v003__img1;KD-PD-10981__v003;KD-PD-10981;1;/assets/images/6a5f809fd6922_big.jpg
KD-PD-10981__v004__img1;KD-PD-10981__v004;KD-PD-10981;1;/assets/images/6a5f809fd6922_big.jpg
KD-PD-10259__v001__img1;KD-PD-10259__v001;KD-PD-10259;1;/assets/images/6a85b7f0e879a_big.jpg
KD-PD-10258__v001__img1;KD-PD-10258__v001;KD-PD-10258;1;/assets/images/69007dfeb92de_big.jpg
KD-PD-10244__v001__img1;KD-PD-10244__v001;KD-PD-10244;1;/assets/images/6a85ae136bac7_big.jpg
KD-PD-10239__v001__img1;KD-PD-10239__v001;KD-PD-10239;1;/assets/images/6a85ba9c0ea69_big.jpg
KD-PD-1__v001__img1;KD-PD-1__v001;KD-PD-1;1;/assets/images/6a58eb4c98af8_big.jpg
KD-PD-1__v002__img1;KD-PD-1__v002;KD-PD-1;1;/assets/images/6a58eb4c98af8_big.jpg
KD-PD-1__v003__img1;KD-PD-1__v003;KD-PD-1;1;/assets/images/6a58eb4c98af8_big.jpg
KD-PD-1022__v001__img1;KD-PD-1022__v001;KD-PD-1022;1;/assets/images/KD-PD-1022-WHITE01.png
KD-PD-1022__v002__img1;KD-PD-1022__v002;KD-PD-1022;1;/assets/images/KD-PD-1022-WHITE01.png
KD-PD-1022__v003__img1;KD-PD-1022__v003;KD-PD-1022;1;/assets/images/KD-PD-1022-WHITE01.png
KD-PD-1022__v004__img1;KD-PD-1022__v004;KD-PD-1022;1;/assets/images/KD-PD-1022-BLUE01.png
KD-PD-1022__v005__img1;KD-PD-1022__v005;KD-PD-1022;1;/assets/images/KD-PD-1022-BLUE01.png
KD-PD-1022__v006__img1;KD-PD-1022__v006;KD-PD-1022;1;/assets/images/KD-PD-1022-BLUE01.png
KD-PD-1022__v007__img1;KD-PD-1022__v007;KD-PD-1022;1;/assets/images/KD-PD-1022-DARK01.png
KD-PD-1022__v008__img1;KD-PD-1022__v008;KD-PD-1022;1;/assets/images/KD-PD-1022-DARK01.png
KD-PD-1022__v009__img1;KD-PD-1022__v009;KD-PD-1022;1;/assets/images/KD-PD-1022-DARK01.png
KD-PD-1022__v010__img1;KD-PD-1022__v010;KD-PD-1022;1;/assets/images/KD-PD-1022-PUDRA01.png
KD-PD-1022__v011__img1;KD-PD-1022__v011;KD-PD-1022;1;/assets/images/KD-PD-1022-PUDRA01.png
KD-PD-1022__v012__img1;KD-PD-1022__v012;KD-PD-1022;1;/assets/images/KD-PD-1022-PUDRA01.png
