ID;Артикул;Название товара;Цвет;Аромат;Размер;Цена;Старая цена;Высота;Ширина;Объем;Диаметр;Комплектация / информация о размере;Материал;Состав;Детали;Коллекция;Капсула;Категория;Подкатегория;Товар входит в готовое решение;Опционально входит в готовое решение;Капсула.1;Фото 1;Фото 2;Фото 3
661;KD-PD-7942;Салатник Петербург;белый;null;null;2 995 ₽;5 990 ₽;null;null;null;null;null;костяной фарфор;100% костяной фарфор;null;Петербург;null;Посуда и сервировка;Салатники, cупницы и глубокие тарелки;Зеленый салон;null;null;https://kssafonova.github.io/images/imported-products/6a3a860480fbd_big.jpg;null;null
661;KD-PD-7942;Салатник Петербург;белый;null;null;5 995 ₽;11 990 ₽;null;null;null;null;null;костяной фарфор;100% костяной фарфор;null;Петербург;null;Посуда и сервировка;Салатники, cупницы и глубокие тарелки;Зеленый салон;null;null;https://kssafonova.github.io/images/imported-products/6a3a860480fbd_big.jpg;null;null
662;KD-PD-7242;Салфетки Петербург;белый;null;45х45 см;650 ₽;1 300 ₽;45 см;45 см;null;null;null;сатин;100% сатин;null;Петербург;null;Столовый текстиль;Столовый текстиль;Зеленый салон;null;null;https://kssafonova.github.io/images/imported-products/6a831e350cf34_big.jpg;null;null
663;KD-PD-7938;Сахарница Петербург;белый;null;null;7 950 ₽;15 900 ₽;null;null;null;null;null;костяной фарфор;100% костяной фарфор;null;Петербург;null;Посуда и сервировка;Чайники, молочники и сахарницы;Зеленый салон;null;null;https://kssafonova.github.io/images/imported-products/6a394b88d86f5_big.jpg;https://kssafonova.github.io/images/imported-products/6a394b886643a_big.jpg;https://kssafonova.github.io/images/imported-products/6a394b89200e7_big.jpg
664;KD-PD-8256;Скатерть Петербург;белый;null;180х250 см;7 250 ₽;14 500 ₽;180 см;250 см;null;null;null;сатин;100% сатин;null;Петербург;null;Столовый текстиль;Столовый текстиль;Зеленый салон;null;null;https://kssafonova.github.io/images/imported-products/6a847053607fe_big.jpg;null;null
665;KD-PD-7939;Сливочник Петербург;белый;null;300 мл;6 450 ₽;12 900 ₽;null;null;300 мл;null;null;костяной фарфор;100% костяной фарфор;null;Петербург;null;Посуда и сервировка;Чайники, молочники и сахарницы;Зеленый салон;null;null;https://kssafonova.github.io/images/imported-products/6a632cffe8804_big.jpg;https://kssafonova.github.io/images/imported-products/6a632cff1c511_big.jpg;https://kssafonova.github.io/images/imported-products/6a632d0037bdb_big.jpg
666;KD-PD-7944;Тарелка Петербург;белый;null;20 см;2 895 ₽;5 790 ₽;20 см;20 см;null;20 см;null;костяной фарфор;100% костяной фарфор;null;Петербург;null;Посуда и сервировка;Тарелки;Зеленый салон;null;null;https://kssafonova.github.io/images/imported-products/6a06d7497fe35_big.jpg;https://kssafonova.github.io/images/imported-products/6a3a73674e96f_big.jpg;https://kssafonova.github.io/images/imported-products/6a3a736b78a29_big.jpg
666;KD-PD-7944;Тарелка Петербург;белый;null;23 см;3 245 ₽;6 490 ₽;20 см;20 см;null;23 см;null;костяной фарфор;100% костяной фарфор;null;Петербург;null;Посуда и сервировка;Тарелки;Зеленый салон;null;null;https://kssafonova.github.io/images/imported-products/6a06d7497fe35_big.jpg;https://kssafonova.github.io/images/imported-products/6a3a73674e96f_big.jpg;https://kssafonova.github.io/images/imported-products/6a3a736b78a29_big.jpg
666;KD-PD-7944;Тарелка Петербург;белый;null;27 см;3 995 ₽;7 990 ₽;20 см;20 см;null;27 см;null;костяной фарфор;100% костяной фарфор;null;Петербург;null;Посуда и сервировка;Тарелки;Зеленый салон;null;null;https://kssafonova.github.io/images/imported-products/6a06d7497fe35_big.jpg;https://kssafonova.github.io/images/imported-products/6a3a73674e96f_big.jpg;https://kssafonova.github.io/images/imported-products/6a3a736b78a29_big.jpg
667;KD-PD-7940;Чайная пара Петербург;белый;null;260 мл;4 995 ₽;9 990 ₽;null;null;260 мл;null;Кружка 1 шт\nБлюдце 1 шт;костяной фарфор;100% костяной фарфор;null;Петербург;null;Посуда и сервировка;Кружки, чайные и кофейные пары;Зеленый салон;null;null;https://kssafonova.github.io/images/imported-products/6a394ba34f611_big.jpg;https://kssafonova.github.io/images/imported-products/6a394ba3081b0_big.jpg;https://kssafonova.github.io/images/imported-products/6a394ba3a1f76_big.jpg
668;KD-PD-7937;Чайник Петербург;белый;null;1100 мл;9 950 ₽;19 900 ₽;null;null;1100 мл;null;null;костяной фарфор;100% костяной фарфор;null;Петербург;null;Посуда и сервировка;Чайники, молочники и сахарницы;Зеленый салон;null;null;https://kssafonova.github.io/images/imported-products/6a394f8eb12f9_big.jpg;https://kssafonova.github.io/images/imported-products/6a394f8a58a79_big.jpg;https://kssafonova.github.io/images/imported-products/6a394f8f0440d_big.jpg
722;KD-PD-9713;Обложка для ежедневника Текстура;коричневый;null;Единый размер;2 600 ₽;6 500 ₽;15 см;21 см;null;null;null;натуральная кожа;null;null;Текстура;null;Декор для дома;Канцтовары;Теплый брутализм;null;null;https://kssafonova.github.io/images/imported-products/6a43759554a63_big.jpg;https://kssafonova.github.io/images/imported-products/6a437596a2438_big.jpg;https://kssafonova.github.io/images/imported-products/6a4375948fca8_big.jpg
706;KD-PD-9718;Игра домино Текстура;бежевый;null;Единый размер;6 200 ₽;15 500 ₽;19,5 см;19,5 см;null;null;null;натуральная кожа;null;null;Текстура;null;Декор для дома;Игры;Теплый брутализм;null;null;https://kssafonova.github.io/images/imported-products/6a4375aa6eaed_big.jpg;https://kssafonova.github.io/images/imported-products/6a4375ab2355c_big.jpg;https://kssafonova.github.io/images/imported-products/6a4375ac308d6_big.jpg
706;KD-PD-9718;Игра домино Текстура;черный;null;Единый размер;6 200 ₽;15 500 ₽;19,5 см;19,5 см;null;null;null;натуральная кожа;null;null;Текстура;null;Декор для дома;Игры;Теплый брутализм;null;null;https://kssafonova.github.io/images/imported-products/6a4375af70c8c_big.jpg;https://kssafonova.github.io/images/imported-products/6a4375af053ff_big.jpg;https://kssafonova.github.io/images/imported-products/6a4375aea342c_big.jpg
708;KD-PD-8768;Игра крестики - нолики Текстура;Бежевый;null;Единый размер;9 000 ₽;22 500 ₽;18 см;18 см;null;null;null;натуральная кожа;null;null;Текстура;null;Декор для дома;Игры;Теплый брутализм;null;null;https://kssafonova.github.io/images/imported-products/6a4374d911192_big.jpg;https://kssafonova.github.io/images/imported-products/6a4374d88ca9d_big.jpg;https://kssafonova.github.io/images/imported-products/6a4374da090e0_big.jpg
708;KD-PD-8768;Игра крестики - нолики Текстура;Черный;null;Единый размер;9 000 ₽;22 500 ₽;18 см;18 см;null;null;null;натуральная кожа;null;null;Текстура;null;Декор для дома;Игры;Теплый брутализм;null;null;https://kssafonova.github.io/images/imported-products/6a4374d62377f_big.jpg;https://kssafonova.github.io/images/imported-products/6a4374d4b3831_big.jpg;https://kssafonova.github.io/images/imported-products/6a4374d66f135_big.jpg
710;KD-PD-8770;Игра шашки Текстура;бежевый;null;Единый размер;13 000 ₽;32 500 ₽;43 см;43 см;null;null;null;натуральная кожа;null;null;Текстура;null;Декор для дома;Игры;Теплый брутализм;null;null;https://kssafonova.github.io/images/imported-products/6a4374e02ae19_big.jpg;https://kssafonova.github.io/images/imported-products/6a4374dfdefdc_big.jpg;https://kssafonova.github.io/images/imported-products/6a4374e0c1c13_big.jpg
710;KD-PD-8770;Игра шашки Текстура;черный;null;Единый размер;13 000 ₽;32 500 ₽;43 см;43 см;null;null;null;натуральная кожа;null;null;Текстура;null;Декор для дома;Игры;Теплый брутализм;null;null;https://kssafonova.github.io/images/imported-products/6a4374dca3f1b_big.jpg;https://kssafonova.github.io/images/imported-products/6a4374dc0d590_big.jpg;https://kssafonova.github.io/images/imported-products/6a4374dc5977b_big.jpg
715;KD-PD-8765;Корзина Текстура;коричневый;null;25 см;8 840 ₽;22 100 ₽;25 см;10 см;null;null;null;натуральная кожа;null;null;Текстура;null;Декор для дома;Корзины;Теплый брутализм;null;null;https://kssafonova.github.io/images/imported-products/689209814dad6_big.jpg;https://kssafonova.github.io/images/imported-products/68b99b6eca2ab_big.jpg;https://kssafonova.github.io/images/imported-products/68b99b76b5837_big.jpg
716;KD-PD-8765;Корзина Текстура;черный;null;18 см;15 960 ₽;39 900 ₽;18 см;18 см;null;null;null;натуральная кожа;null;null;Текстура;null;Декор для дома;Корзины;Теплый брутализм;null;null;https://kssafonova.github.io/images/imported-products/6a4374d0b98ff_big.jpg;https://kssafonova.github.io/images/imported-products/6a4374cf781d5_big.jpg;https://kssafonova.github.io/images/imported-products/6a4374d102510_big.jpg
723;KD-PD-8777;Плейсмат Текстура;бежевый;null;30 см;3 960 ₽;9 900 ₽;null;null;null;null;null;натуральная кожа;null;null;Текстура;null;Столовый текстиль;Плейсматы;Теплый брутализм;null;null;https://kssafonova.github.io/images/imported-products/6a4374fa6a51e_big.jpg;https://kssafonova.github.io/images/imported-products/6a4374f92306f_big.jpg;https://kssafonova.github.io/images/imported-products/6a4374fb39b0a_big.jpg
723;KD-PD-8777;Плейсмат Текстура;коричневый;null;30 см;3 960 ₽;9 900 ₽;null;null;null;null;null;натуральная кожа;null;null;Текстура;null;Столовый текстиль;Плейсматы;Теплый брутализм;null;null;https://kssafonova.github.io/images/imported-products/6a4374f54239a_big.jpg;https://kssafonova.github.io/images/imported-products/6a4374f4002a5_big.jpg;https://kssafonova.github.io/images/imported-products/6a4374f616f88_big.jpg
723;KD-PD-8777;Плейсмат Текстура;черный;null;30 см;3 960 ₽;9 900 ₽;null;null;null;null;null;натуральная кожа;null;null;Текстура;null;Столовый текстиль;Плейсматы;Теплый брутализм;null;null;https://kssafonova.github.io/images/imported-products/6a4374f158e23_big.jpg;https://kssafonova.github.io/images/imported-products/6a4374f0beb87_big.jpg;https://kssafonova.github.io/images/imported-products/6a4374f1105ec_big.jpg
726;KD-PD-9711;Поднос Текстура;черный;null;Единый размер;11 800 ₽;29 500 ₽;null;null;null;null;null;натуральная кожа;null;null;Текстура;null;Посуда и сервировка;Блюда и подача;Теплый брутализм;null;null;https://kssafonova.github.io/images/imported-products/6a58e99971c7c_big.jpg;null;null
727;KD-PD-8776;Подставка под бокал Текстура;коричневый;null;9 см;596 ₽;1 490 ₽;null;9 см;null;null;null;натуральная кожа;null;null;Текстура;null;Посуда и сервировка;Блюда и подача;Теплый брутализм;null;null;https://kssafonova.github.io/images/imported-products/6a4374ed2e7de_big.jpg;https://kssafonova.github.io/images/imported-products/6a4374ec602a8_big.jpg;https://kssafonova.github.io/images/imported-products/6a4374ece2ae6_big.jpg
728;KD-PD-8758;Салфетница Текстура;коричневый;null;12х12 см;5 040 ₽;12 600 ₽;12 см;12 см;null;null;null;натуральная кожа;null;null;Текстура;null;Посуда и сервировка;Салфетницы;Теплый брутализм;null;null;https://kssafonova.github.io/images/imported-products/6a4374bb5d537_big.jpg;https://kssafonova.github.io/images/imported-products/6a4374bb235bf_big.jpg;https://kssafonova.github.io/images/imported-products/6a4374bb9a097_big.jpg
728;KD-PD-8758;Салфетница Текстура;черный;null;12х12 см;5 040 ₽;12 600 ₽;12 см;12 см;null;null;null;натуральная кожа;null;null;Текстура;null;Посуда и сервировка;Салфетницы;Теплый брутализм;null;null;https://kssafonova.github.io/images/imported-products/6a4374b928bc8_big.jpg;https://kssafonova.github.io/images/imported-products/6a4374b8dde46_big.jpg;https://kssafonova.github.io/images/imported-products/6a4374b96af6c_big.jpg
592;KD-PD-8967;Дорожка Многоцвет;белый;null;50х180 см;2 495 ₽;4 990 ₽;50 см;180 см;null;null;null;Хлопок;100% Хлопок;null;Многоцвет;null;Столовый текстиль;Столовый текстиль;Зеленый салон;null;null;https://kssafonova.github.io/images/imported-products/69f218cd67e4a_big.jpg;https://kssafonova.github.io/images/imported-products/68b028406ce99_big.jpg;null
592;KD-PD-8967;Дорожка Многоцвет;белый;null;60х350 см;3 495 ₽;6 990 ₽;60 см;350 см;null;null;null;Хлопок;100% Хлопок;null;Многоцвет;null;Столовый текстиль;Столовый текстиль;Зеленый салон;null;null;https://kssafonova.github.io/images/imported-products/69f218cd67e4a_big.jpg;https://kssafonova.github.io/images/imported-products/68b028406ce99_big.jpg;null
592;KD-PD-8967;Дорожка Многоцвет;белый;null;50х250 см;2 495 ₽;4 990 ₽;50 см;250 см;null;null;null;Хлопок;100% Хлопок;null;Многоцвет;null;Столовый текстиль;Столовый текстиль;Зеленый салон;null;null;https://kssafonova.github.io/images/imported-products/69f218cd67e4a_big.jpg;https://kssafonova.github.io/images/imported-products/68b028406ce99_big.jpg;null
593;KD-PD-8977;Конверт для столовых приборов Многоцветы;белый;null;12х23 см;345 ₽;690 ₽;12 см;23 см;null;null;null;Хлопок;100% Хлопок;null;Многоцвет;null;Столовый текстиль;Столовый текстиль;Зеленый салон;null;null;https://kssafonova.github.io/images/imported-products/6a46789a02f21_big.jpg;https://kssafonova.github.io/images/imported-products/68b5843370a11_big.jpg;null
597;KD-PD-7227;Скатерть Многоцвет;белый;null;180х180 см;4 495 ₽;8 990 ₽;180 см;180 см;null;null;null;Хлопок;100% Хлопок;null;Многоцвет;null;Столовый текстиль;Столовый текстиль;Зеленый салон;null;null;https://kssafonova.github.io/images/imported-products/6a0abbf14fafb_big.jpg;https://kssafonova.github.io/images/imported-products/6a0abbf175562_big.jpg;https://kssafonova.github.io/images/imported-products/6a0abbf162bb6_big.jpg
597;KD-PD-7227;Скатерть Многоцвет;белый;null;180х250 см;4 495 ₽;8 990 ₽;180 см;250 см;null;null;null;Хлопок;100% Хлопок;null;Многоцвет;null;Столовый текстиль;Столовый текстиль;Зеленый салон;null;null;https://kssafonova.github.io/images/imported-products/6a0abbf14fafb_big.jpg;https://kssafonova.github.io/images/imported-products/6a0abbf175562_big.jpg;https://kssafonova.github.io/images/imported-products/6a0abbf162bb6_big.jpg
597;KD-PD-7227;Скатерть Многоцвет;белый;null;180х350 см;4 495 ₽;8 990 ₽;180 см;350 см;null;null;null;Хлопок;100% Хлопок;null;Многоцвет;null;Столовый текстиль;Столовый текстиль;Зеленый салон;null;null;https://kssafonova.github.io/images/imported-products/6a0abbf14fafb_big.jpg;https://kssafonova.github.io/images/imported-products/6a0abbf175562_big.jpg;https://kssafonova.github.io/images/imported-products/6a0abbf162bb6_big.jpg
596;KD-PD-9976;Свеча Многоцветы;белый;null;25,5 см;792 ₽;990 ₽;25,5 см;null;null;null;null;соевый воск;null;null;Многоцвет;null;Декор для дома;Свечи и диффузоры;Зеленый салон;null;null;https://kssafonova.github.io/images/imported-products/69df5f57970e0_big.jpg;https://kssafonova.github.io/images/imported-products/69b95afad6980_big.jpg;null
445;KD-PD-8242;Набор столовых приборов Александр;серебряный;null;null;32 900 ₽;null;null;null;null;null;null;нержавеющая сталь 18/10;null;null;Столовые приборы;null;Посуда и сервировка;Столовые приборы;Зеленый салон, Красные линии;Теплый брутализм;null;https://kssafonova.github.io/images/imported-products/6a57511b9cbbf_big.jpg;null;null
215;KD-PD-8243;Набор столовых приборов Петр;Серебряный;null;Единый размер;20 900 ₽;null;null;null;null;null;null;Сталь;Нержавеющая сталь 18/10;null;Столовые приборы;null;Посуда и сервировка;Столовые приборы;Зеленый салон Красные линии;Теплый брутализм;null;https://kssafonova.github.io/images/imported-products/6a3d1d63d385c_big.jpg;null;null
